#
# There is insufficient memory for the Java Runtime Environment to continue.
# Native memory allocation (mmap) failed to map 113246208 bytes. Error detail: G1 virtual space
# Possible reasons:
#   The system is out of physical RAM or swap space
#   This process is running with CompressedOops enabled, and the Java Heap may be blocking the growth of the native heap
# Possible solutions:
#   Reduce memory load on the system
#   Increase physical memory or swap space
#   Check if swap backing store is full
#   Decrease Java heap size (-Xmx/-Xms)
#   Decrease number of Java threads
#   Decrease Java thread stack sizes (-Xss)
#   Set larger code cache with -XX:ReservedCodeCacheSize=
#   JVM is running with Unscaled Compressed Oops mode in which the Java heap is
#     placed in the first 4GB address space. The Java Heap base address is the
#     maximum limit for the native heap growth. Please use -XX:HeapBaseMinAddress
#     to set the Java Heap base and to place the Java Heap above 4GB virtual address.
# This output file may be truncated or incomplete.
#
#  Out of Memory Error (os_windows.cpp:3616), pid=13136, tid=13696
#
# JRE version: OpenJDK Runtime Environment Temurin-21.0.5+11 (21.0.5+11) (build 21.0.5+11-LTS)
# Java VM: OpenJDK 64-Bit Server VM Temurin-21.0.5+11 (21.0.5+11-LTS, mixed mode, sharing, tiered, compressed oops, compressed class ptrs, g1 gc, windows-amd64)
# No core dump will be written. Minidumps are not enabled by default on client versions of Windows
#

---------------  S U M M A R Y ------------

Command Line: --add-opens=java.base/java.lang=ALL-UNNAMED --add-opens=java.base/java.lang.invoke=ALL-UNNAMED --add-opens=java.base/java.util=ALL-UNNAMED --add-opens=java.prefs/java.util.prefs=ALL-UNNAMED --add-exports=jdk.compiler/com.sun.tools.javac.api=ALL-UNNAMED --add-exports=jdk.compiler/com.sun.tools.javac.util=ALL-UNNAMED --add-opens=java.base/java.util=ALL-UNNAMED --add-opens=java.prefs/java.util.prefs=ALL-UNNAMED --add-opens=java.base/java.nio.charset=ALL-UNNAMED --add-opens=java.base/java.net=ALL-UNNAMED --add-opens=java.base/java.util.concurrent.atomic=ALL-UNNAMED --add-opens=java.xml/javax.xml.namespace=ALL-UNNAMED -XX:MaxMetaspaceSize=512m -Xmx2048m -Dfile.encoding=UTF-8 -Duser.country=AE -Duser.language=en -Duser.variant -javaagent:C:\Users\Asad Ali\.gradle\wrapper\dists\gradle-8.14.3-bin\cv11ve7ro1n3o1j4so8xd9n66\gradle-8.14.3\lib\agents\gradle-instrumentation-agent-8.14.3.jar org.gradle.launcher.daemon.bootstrap.GradleDaemon 8.14.3

Host: 11th Gen Intel(R) Core(TM) i7-1165G7 @ 2.80GHz, 8 cores, 7G,  Windows 11 , 64 bit Build 26100 (10.0.26100.7309)
Time: Sun Jan 18 19:05:15 2026 Arabian Standard Time elapsed time: 61.365285 seconds (0d 0h 1m 1s)

---------------  T H R E A D  ---------------

Current thread (0x00000268da7bd220):  VMThread "VM Thread"          [id=13696, stack(0x000000dee4300000,0x000000dee4400000) (1024K)]

Stack: [0x000000dee4300000,0x000000dee4400000]
Native frames: (J=compiled Java code, j=interpreted, Vv=VM code, C=native code)
V  [jvm.dll+0x6cd4e9]
V  [jvm.dll+0x8a7941]
V  [jvm.dll+0x8a9e6e]
V  [jvm.dll+0x8aa543]
V  [jvm.dll+0x27f6d6]
V  [jvm.dll+0x6c9c25]
V  [jvm.dll+0x6be84a]
V  [jvm.dll+0x355c6a]
V  [jvm.dll+0x35d836]
V  [jvm.dll+0x3af40e]
V  [jvm.dll+0x3af6b8]
V  [jvm.dll+0x329dfc]
V  [jvm.dll+0x329e87]
V  [jvm.dll+0x36dc4c]
V  [jvm.dll+0x36c498]
V  [jvm.dll+0x3295c1]
V  [jvm.dll+0x36bb0a]
V  [jvm.dll+0x8b025f]
V  [jvm.dll+0x8b15e4]
V  [jvm.dll+0x8b1b20]
V  [jvm.dll+0x8b1dc3]
V  [jvm.dll+0x8514fb]
V  [jvm.dll+0x6cbbed]
C  [ucrtbase.dll+0x37b0]
C  [KERNEL32.DLL+0x2e8d7]
C  [ntdll.dll+0x8c53c]

VM_Operation (0x000000dee9cf9fc0): G1CollectForAllocation, mode: safepoint, requested by thread 0x00000268fc403dc0


---------------  P R O C E S S  ---------------

Threads class SMR info:
_java_thread_list=0x0000026881363450, length=160, elements={
0x00000268c02bf4b0, 0x00000268da7e0080, 0x00000268da7e0ad0, 0x00000268da7e2e60,
0x00000268da7e4c50, 0x00000268da7e65c0, 0x00000268da7e7cb0, 0x00000268da801fe0,
0x00000268da8032c0, 0x00000268da7aece0, 0x00000268daaff270, 0x00000268fad91710,
0x00000268faa8d080, 0x00000268fbce45a0, 0x00000268fbce1840, 0x00000268fa581060,
0x00000268fa6e3b70, 0x00000268fb3f8570, 0x00000268fbe640c0, 0x00000268fbe633a0,
0x00000268fbe65470, 0x00000268fbe64750, 0x00000268fbe64de0, 0x00000268fbe65b00,
0x00000268fbe63a30, 0x00000268fbe66190, 0x00000268fbe66820, 0x00000268fc0cc0d0,
0x00000268fc0cdb10, 0x00000268fc0ce1a0, 0x00000268fc0cf550, 0x00000268fc0ce830,
0x00000268fc0cfbe0, 0x00000268fc0cc760, 0x00000268fc0d0270, 0x00000268fc0ccdf0,
0x00000268fc0d1cb0, 0x00000268fc0d0900, 0x00000268fc0d0f90, 0x00000268fc0d3060,
0x00000268fc0d1620, 0x00000268fc0d2340, 0x00000268fc0d29d0, 0x00000268fc0d36f0,
0x00000268fc706260, 0x00000268fc7068f0, 0x00000268fc706f80, 0x00000268fc703b00,
0x00000268fc704190, 0x00000268fc704820, 0x00000268fc704eb0, 0x00000268fc705540,
0x00000268fc705bd0, 0x00000268fd3dd260, 0x00000268fd3dab00, 0x00000268fd3dc540,
0x00000268fd3dd8f0, 0x00000268fd3db190, 0x00000268fd3db820, 0x00000268fd3da470,
0x00000268fd3dcbd0, 0x00000268fd3ddf80, 0x00000268fd3dbeb0, 0x00000268fd3deca0,
0x00000268fd3e0d70, 0x00000268fd3e1400, 0x00000268fd3df330, 0x00000268fd3e1a90,
0x00000268fd3e06e0, 0x00000268fc3ff590, 0x00000268fc4002b0, 0x00000268fc3fdb50,
0x00000268fc401660, 0x00000268fc3fe1e0, 0x00000268fc401cf0, 0x00000268fc3fe870,
0x00000268fc402380, 0x00000268fc404ae0, 0x00000268fc404450, 0x00000268fc403730,
0x00000268fc403dc0, 0x00000268fc405170, 0x00000268ffda8c10, 0x00000268ffda92a0,
0x00000268ffda9fc0, 0x00000268ffda9930, 0x00000268ffda7860, 0x00000268ffdaa650,
0x00000268ffdaace0, 0x00000268ffdab370, 0x00000268ffda7ef0, 0x00000268ffdaba00,
0x00000268ffda8580, 0x00000268ffdae7f0, 0x00000268ffdac090, 0x00000268ffdae160,
0x00000268ffdac720, 0x00000268ffdacdb0, 0x00000268fa06f0b0, 0x00000268fa06f740,
0x00000268fa06fdd0, 0x00000268fa070460, 0x00000268fa06dd00, 0x00000268fa06cfe0,
0x00000268fa070af0, 0x00000268fa06d670, 0x00000268fa071180, 0x00000268fa071ea0,
0x00000268fa073250, 0x00000268fa072530, 0x00000268fa072bc0, 0x00000268dac7c880,
0x00000268dac7f670, 0x00000268dac7efe0, 0x00000268dac7cf10, 0x00000268dac7fd00,
0x00000268dac7d5a0, 0x00000268dac7dc30, 0x00000268dac7e2c0, 0x00000268fa06e390,
0x00000268fa06c2c0, 0x00000268fa06ea20, 0x00000268fa06c950, 0x00000268fa06bc30,
0x00000268ffdad440, 0x00000268ffdaee80, 0x00000268ffdadad0, 0x00000268dac7e950,
0x00000268fcd01d60, 0x00000268fccffc90, 0x00000268fccff600, 0x00000268fcd016d0,
0x00000268fccfe8e0, 0x00000268fcd009b0, 0x00000268fcd00320, 0x00000268fcd01040,
0x00000268fcd023f0, 0x00000268fccfef70, 0x00000268fcd05f00, 0x00000268fcd037a0,
0x00000268fcd05870, 0x00000268fcd02a80, 0x00000268fcd03110, 0x00000268fcd044c0,
0x00000268fcd03e30, 0x000002688056b9a0, 0x000002688056d3e0, 0x000002688056da70,
0x000002688056e100, 0x000002688056a5f0, 0x00000268fcd04b50, 0x000002688026f560,
0x00000268805701d0, 0x0000026886f13f30, 0x0000026886f16d20, 0x0000026886f17a40,
0x0000026886f173b0, 0x0000026886f145c0, 0x0000026886f180d0, 0x00000268818c59d0
}

Java Threads: ( => current thread )
  0x00000268c02bf4b0 JavaThread "main"                              [_thread_blocked, id=36868, stack(0x000000dee3c00000,0x000000dee3d00000) (1024K)]
  0x00000268da7e0080 JavaThread "Reference Handler"          daemon [_thread_blocked, id=16876, stack(0x000000dee4400000,0x000000dee4500000) (1024K)]
  0x00000268da7e0ad0 JavaThread "Finalizer"                  daemon [_thread_blocked, id=29528, stack(0x000000dee4500000,0x000000dee4600000) (1024K)]
  0x00000268da7e2e60 JavaThread "Signal Dispatcher"          daemon [_thread_blocked, id=34388, stack(0x000000dee4600000,0x000000dee4700000) (1024K)]
  0x00000268da7e4c50 JavaThread "Attach Listener"            daemon [_thread_blocked, id=27164, stack(0x000000dee4700000,0x000000dee4800000) (1024K)]
  0x00000268da7e65c0 JavaThread "Service Thread"             daemon [_thread_blocked, id=18376, stack(0x000000dee4800000,0x000000dee4900000) (1024K)]
  0x00000268da7e7cb0 JavaThread "Monitor Deflation Thread"   daemon [_thread_blocked, id=21844, stack(0x000000dee4900000,0x000000dee4a00000) (1024K)]
  0x00000268da801fe0 JavaThread "C2 CompilerThread0"         daemon [_thread_blocked, id=30080, stack(0x000000dee4a00000,0x000000dee4b00000) (1024K)]
  0x00000268da8032c0 JavaThread "C1 CompilerThread0"         daemon [_thread_blocked, id=36696, stack(0x000000dee4b00000,0x000000dee4c00000) (1024K)]
  0x00000268da7aece0 JavaThread "Common-Cleaner"             daemon [_thread_blocked, id=18420, stack(0x000000dee4c00000,0x000000dee4d00000) (1024K)]
  0x00000268daaff270 JavaThread "Notification Thread"        daemon [_thread_blocked, id=37716, stack(0x000000dee4d00000,0x000000dee4e00000) (1024K)]
  0x00000268fad91710 JavaThread "Daemon health stats"               [_thread_blocked, id=3840, stack(0x000000dee5300000,0x000000dee5400000) (1024K)]
  0x00000268faa8d080 JavaThread "Incoming local TCP Connector on port 57608"        [_thread_in_native, id=18392, stack(0x000000dee5400000,0x000000dee5500000) (1024K)]
  0x00000268fbce45a0 JavaThread "Daemon periodic checks"            [_thread_blocked, id=35344, stack(0x000000dee5500000,0x000000dee5600000) (1024K)]
  0x00000268fbce1840 JavaThread "Daemon"                            [_thread_blocked, id=25816, stack(0x000000dee5600000,0x000000dee5700000) (1024K)]
  0x00000268fa581060 JavaThread "Handler for socket connection from /127.0.0.1:57608 to /127.0.0.1:57609"        [_thread_in_native, id=28400, stack(0x000000dee5700000,0x000000dee5800000) (1024K)]
  0x00000268fa6e3b70 JavaThread "Cancel handler"                    [_thread_blocked, id=36100, stack(0x000000dee5800000,0x000000dee5900000) (1024K)]
  0x00000268fb3f8570 JavaThread "Daemon worker"                     [_thread_blocked, id=17856, stack(0x000000dee5900000,0x000000dee5a00000) (1024K)]
  0x00000268fbe640c0 JavaThread "Asynchronous log dispatcher for DefaultDaemonConnection: socket connection from /127.0.0.1:57608 to /127.0.0.1:57609"        [_thread_blocked, id=37500, stack(0x000000dee5a00000,0x000000dee5b00000) (1024K)]
  0x00000268fbe633a0 JavaThread "Stdin handler"                     [_thread_blocked, id=10356, stack(0x000000dee5b00000,0x000000dee5c00000) (1024K)]
  0x00000268fbe65470 JavaThread "Daemon client event forwarder"        [_thread_blocked, id=17608, stack(0x000000dee5c00000,0x000000dee5d00000) (1024K)]
  0x00000268fbe64750 JavaThread "Cache worker for journal cache (C:\Users\Asad Ali\.gradle\caches\journal-1)"        [_thread_blocked, id=34432, stack(0x000000dee5d00000,0x000000dee5e00000) (1024K)]
  0x00000268fbe64de0 JavaThread "File lock request listener"        [_thread_in_native, id=25500, stack(0x000000dee5e00000,0x000000dee5f00000) (1024K)]
  0x00000268fbe65b00 JavaThread "Cache worker for file hash cache (C:\Users\Asad Ali\.gradle\caches\8.14.3\fileHashes)"        [_thread_blocked, id=632, stack(0x000000dee5f00000,0x000000dee6000000) (1024K)]
  0x00000268fbe63a30 JavaThread "Cache worker for file hash cache (D:\MY APPS\sleep app version 2.1\a0-project\android\.gradle\8.14.3\fileHashes)"        [_thread_blocked, id=10200, stack(0x000000dee6400000,0x000000dee6500000) (1024K)]
  0x00000268fbe66190 JavaThread "Cache worker for Build Output Cleanup Cache (D:\MY APPS\sleep app version 2.1\a0-project\android\.gradle\buildOutputCleanup)"        [_thread_blocked, id=29060, stack(0x000000dee6500000,0x000000dee6600000) (1024K)]
  0x00000268fbe66820 JavaThread "File watcher server"        daemon [_thread_in_native, id=5644, stack(0x000000dee6600000,0x000000dee6700000) (1024K)]
  0x00000268fc0cc0d0 JavaThread "File watcher consumer"      daemon [_thread_blocked, id=37284, stack(0x000000dee6700000,0x000000dee6800000) (1024K)]
  0x00000268fc0cdb10 JavaThread "jar transforms"                    [_thread_blocked, id=1544, stack(0x000000dee6800000,0x000000dee6900000) (1024K)]
  0x00000268fc0ce1a0 JavaThread "jar transforms Thread 2"           [_thread_blocked, id=31988, stack(0x000000dee6900000,0x000000dee6a00000) (1024K)]
  0x00000268fc0cf550 JavaThread "Cache worker for checksums cache (D:\MY APPS\sleep app version 2.1\a0-project\android\.gradle\8.14.3\checksums)"        [_thread_blocked, id=20452, stack(0x000000dee6a00000,0x000000dee6b00000) (1024K)]
  0x00000268fc0ce830 JavaThread "Cache worker for file content cache (C:\Users\Asad Ali\.gradle\caches\8.14.3\fileContent)"        [_thread_blocked, id=24688, stack(0x000000dee6b00000,0x000000dee6c00000) (1024K)]
  0x00000268fc0cfbe0 JavaThread "jar transforms Thread 3"           [_thread_blocked, id=28680, stack(0x000000dee6c00000,0x000000dee6d00000) (1024K)]
  0x00000268fc0cc760 JavaThread "Exec process"                      [_thread_blocked, id=28652, stack(0x000000dee6d00000,0x000000dee6e00000) (1024K)]
  0x00000268fc0d0270 JavaThread "Exec process Thread 2"             [_thread_blocked, id=34632, stack(0x000000dee6e00000,0x000000dee6f00000) (1024K)]
  0x00000268fc0ccdf0 JavaThread "Exec process Thread 3"             [_thread_blocked, id=21924, stack(0x000000dee6f00000,0x000000dee7000000) (1024K)]
  0x00000268fc0d1cb0 JavaThread "Cache worker for cache directory md-supplier (C:\Users\Asad Ali\.gradle\caches\8.14.3\md-supplier)"        [_thread_blocked, id=36612, stack(0x000000dee7000000,0x000000dee7100000) (1024K)]
  0x00000268fc0d0900 JavaThread "Cache worker for cache directory md-rule (C:\Users\Asad Ali\.gradle\caches\8.14.3\md-rule)"        [_thread_blocked, id=21984, stack(0x000000dee7100000,0x000000dee7200000) (1024K)]
  0x00000268fc0d0f90 JavaThread "Cache worker for Build Output Cleanup Cache (D:\MY APPS\sleep app version 2.1\a0-project\node_modules\@react-native\gradle-plugin\.gradle\buildOutputCleanup)"        [_thread_blocked, id=20648, stack(0x000000dee7200000,0x000000dee7300000) (1024K)]
  0x00000268fc0d3060 JavaThread "Unconstrained build operations"        [_thread_blocked, id=33876, stack(0x000000dee7300000,0x000000dee7400000) (1024K)]
  0x00000268fc0d1620 JavaThread "Unconstrained build operations Thread 2"        [_thread_blocked, id=37192, stack(0x000000dee7400000,0x000000dee7500000) (1024K)]
  0x00000268fc0d2340 JavaThread "Unconstrained build operations Thread 3"        [_thread_blocked, id=28892, stack(0x000000dee7500000,0x000000dee7600000) (1024K)]
  0x00000268fc0d29d0 JavaThread "Unconstrained build operations Thread 4"        [_thread_blocked, id=23620, stack(0x000000dee7600000,0x000000dee7700000) (1024K)]
  0x00000268fc0d36f0 JavaThread "Unconstrained build operations Thread 5"        [_thread_blocked, id=34708, stack(0x000000dee7700000,0x000000dee7800000) (1024K)]
  0x00000268fc706260 JavaThread "Unconstrained build operations Thread 6"        [_thread_blocked, id=18304, stack(0x000000dee7800000,0x000000dee7900000) (1024K)]
  0x00000268fc7068f0 JavaThread "Cache worker for Build Output Cleanup Cache (D:\MY APPS\sleep app version 2.1\a0-project\node_modules\expo-modules-autolinking\android\expo-gradle-plugin\.gradle\buildOutputCleanup)"        [_thread_blocked, id=20520, stack(0x000000dee4e00000,0x000000dee4f00000) (1024K)]
  0x00000268fc706f80 JavaThread "Unconstrained build operations Thread 7"        [_thread_blocked, id=31860, stack(0x000000dee7a00000,0x000000dee7b00000) (1024K)]
  0x00000268fc703b00 JavaThread "Unconstrained build operations Thread 8"        [_thread_blocked, id=19616, stack(0x000000dee7b00000,0x000000dee7c00000) (1024K)]
  0x00000268fc704190 JavaThread "Unconstrained build operations Thread 9"        [_thread_blocked, id=20172, stack(0x000000dee7c00000,0x000000dee7d00000) (1024K)]
  0x00000268fc704820 JavaThread "Unconstrained build operations Thread 10"        [_thread_blocked, id=744, stack(0x000000dee7d00000,0x000000dee7e00000) (1024K)]
  0x00000268fc704eb0 JavaThread "Unconstrained build operations Thread 11"        [_thread_blocked, id=13280, stack(0x000000dee7e00000,0x000000dee7f00000) (1024K)]
  0x00000268fc705540 JavaThread "Unconstrained build operations Thread 12"        [_thread_blocked, id=28296, stack(0x000000dee7f00000,0x000000dee8000000) (1024K)]
  0x00000268fc705bd0 JavaThread "Unconstrained build operations Thread 13"        [_thread_blocked, id=25120, stack(0x000000dee8000000,0x000000dee8100000) (1024K)]
  0x00000268fd3dd260 JavaThread "Unconstrained build operations Thread 14"        [_thread_blocked, id=1952, stack(0x000000dee8100000,0x000000dee8200000) (1024K)]
  0x00000268fd3dab00 JavaThread "Unconstrained build operations Thread 15"        [_thread_blocked, id=20840, stack(0x000000dee8200000,0x000000dee8300000) (1024K)]
  0x00000268fd3dc540 JavaThread "Unconstrained build operations Thread 16"        [_thread_blocked, id=26716, stack(0x000000dee8300000,0x000000dee8400000) (1024K)]
  0x00000268fd3dd8f0 JavaThread "Unconstrained build operations Thread 17"        [_thread_blocked, id=31568, stack(0x000000dee8400000,0x000000dee8500000) (1024K)]
  0x00000268fd3db190 JavaThread "Unconstrained build operations Thread 18"        [_thread_blocked, id=32296, stack(0x000000dee8500000,0x000000dee8600000) (1024K)]
  0x00000268fd3db820 JavaThread "Unconstrained build operations Thread 19"        [_thread_blocked, id=30824, stack(0x000000dee8600000,0x000000dee8700000) (1024K)]
  0x00000268fd3da470 JavaThread "Unconstrained build operations Thread 20"        [_thread_blocked, id=20728, stack(0x000000dee8700000,0x000000dee8800000) (1024K)]
  0x00000268fd3dcbd0 JavaThread "Unconstrained build operations Thread 21"        [_thread_blocked, id=21280, stack(0x000000dee8800000,0x000000dee8900000) (1024K)]
  0x00000268fd3ddf80 JavaThread "Unconstrained build operations Thread 22"        [_thread_blocked, id=36668, stack(0x000000dee8900000,0x000000dee8a00000) (1024K)]
  0x00000268fd3dbeb0 JavaThread "Unconstrained build operations Thread 23"        [_thread_blocked, id=19188, stack(0x000000dee8a00000,0x000000dee8b00000) (1024K)]
  0x00000268fd3deca0 JavaThread "Unconstrained build operations Thread 24"        [_thread_blocked, id=21340, stack(0x000000dee8b00000,0x000000dee8c00000) (1024K)]
  0x00000268fd3e0d70 JavaThread "Unconstrained build operations Thread 25"        [_thread_blocked, id=10380, stack(0x000000dee8c00000,0x000000dee8d00000) (1024K)]
  0x00000268fd3e1400 JavaThread "Unconstrained build operations Thread 26"        [_thread_blocked, id=20748, stack(0x000000dee8d00000,0x000000dee8e00000) (1024K)]
  0x00000268fd3df330 JavaThread "Unconstrained build operations Thread 27"        [_thread_blocked, id=12516, stack(0x000000dee8e00000,0x000000dee8f00000) (1024K)]
  0x00000268fd3e1a90 JavaThread "build event listener"              [_thread_blocked, id=34060, stack(0x000000dee8f00000,0x000000dee9000000) (1024K)]
  0x00000268fd3e06e0 JavaThread "Memory manager"                    [_thread_blocked, id=12736, stack(0x000000dee7900000,0x000000dee7a00000) (1024K)]
  0x00000268fc3ff590 JavaThread "Unconstrained build operations Thread 28"        [_thread_blocked, id=34908, stack(0x000000dee9100000,0x000000dee9200000) (1024K)]
  0x00000268fc4002b0 JavaThread "Unconstrained build operations Thread 29"        [_thread_blocked, id=32736, stack(0x000000dee9200000,0x000000dee9300000) (1024K)]
  0x00000268fc3fdb50 JavaThread "Unconstrained build operations Thread 30"        [_thread_blocked, id=21152, stack(0x000000dee9300000,0x000000dee9400000) (1024K)]
  0x00000268fc401660 JavaThread "Unconstrained build operations Thread 31"        [_thread_blocked, id=20528, stack(0x000000dee9400000,0x000000dee9500000) (1024K)]
  0x00000268fc3fe1e0 JavaThread "Unconstrained build operations Thread 32"        [_thread_blocked, id=23132, stack(0x000000dee9500000,0x000000dee9600000) (1024K)]
  0x00000268fc401cf0 JavaThread "Unconstrained build operations Thread 33"        [_thread_blocked, id=7988, stack(0x000000dee9600000,0x000000dee9700000) (1024K)]
  0x00000268fc3fe870 JavaThread "Unconstrained build operations Thread 34"        [_thread_blocked, id=20440, stack(0x000000dee9700000,0x000000dee9800000) (1024K)]
  0x00000268fc402380 JavaThread "build event listener"              [_thread_blocked, id=29380, stack(0x000000dee9800000,0x000000dee9900000) (1024K)]
  0x00000268fc404ae0 JavaThread "Unconstrained build operations Thread 35"        [_thread_blocked, id=31268, stack(0x000000dee9900000,0x000000dee9a00000) (1024K)]
  0x00000268fc404450 JavaThread "Unconstrained build operations Thread 36"        [_thread_blocked, id=32112, stack(0x000000dee9a00000,0x000000dee9b00000) (1024K)]
  0x00000268fc403730 JavaThread "Unconstrained build operations Thread 37"        [_thread_blocked, id=15684, stack(0x000000dee9b00000,0x000000dee9c00000) (1024K)]
  0x00000268fc403dc0 JavaThread "Unconstrained build operations Thread 38"        [_thread_blocked, id=36776, stack(0x000000dee9c00000,0x000000dee9d00000) (1024K)]
  0x00000268fc405170 JavaThread "Unconstrained build operations Thread 39"        [_thread_blocked, id=36384, stack(0x000000dee9d00000,0x000000dee9e00000) (1024K)]
  0x00000268ffda8c10 JavaThread "Unconstrained build operations Thread 40"        [_thread_blocked, id=22120, stack(0x000000dee9e00000,0x000000dee9f00000) (1024K)]
  0x00000268ffda92a0 JavaThread "Unconstrained build operations Thread 41"        [_thread_blocked, id=36012, stack(0x000000dee9f00000,0x000000deea000000) (1024K)]
  0x00000268ffda9fc0 JavaThread "Unconstrained build operations Thread 42"        [_thread_blocked, id=4248, stack(0x000000deea000000,0x000000deea100000) (1024K)]
  0x00000268ffda9930 JavaThread "Unconstrained build operations Thread 43"        [_thread_blocked, id=19952, stack(0x000000deea100000,0x000000deea200000) (1024K)]
  0x00000268ffda7860 JavaThread "Unconstrained build operations Thread 44"        [_thread_blocked, id=9464, stack(0x000000deea200000,0x000000deea300000) (1024K)]
  0x00000268ffdaa650 JavaThread "Unconstrained build operations Thread 45"        [_thread_blocked, id=27448, stack(0x000000deea300000,0x000000deea400000) (1024K)]
  0x00000268ffdaace0 JavaThread "Unconstrained build operations Thread 46"        [_thread_blocked, id=16712, stack(0x000000deea400000,0x000000deea500000) (1024K)]
  0x00000268ffdab370 JavaThread "Unconstrained build operations Thread 47"        [_thread_blocked, id=31756, stack(0x000000deea500000,0x000000deea600000) (1024K)]
  0x00000268ffda7ef0 JavaThread "Unconstrained build operations Thread 48"        [_thread_blocked, id=33992, stack(0x000000deea600000,0x000000deea700000) (1024K)]
  0x00000268ffdaba00 JavaThread "Unconstrained build operations Thread 49"        [_thread_blocked, id=31912, stack(0x000000deea700000,0x000000deea800000) (1024K)]
  0x00000268ffda8580 JavaThread "Unconstrained build operations Thread 50"        [_thread_blocked, id=35472, stack(0x000000deea800000,0x000000deea900000) (1024K)]
  0x00000268ffdae7f0 JavaThread "Unconstrained build operations Thread 51"        [_thread_blocked, id=28600, stack(0x000000deea900000,0x000000deeaa00000) (1024K)]
  0x00000268ffdac090 JavaThread "Unconstrained build operations Thread 52"        [_thread_blocked, id=35576, stack(0x000000deeaa00000,0x000000deeab00000) (1024K)]
  0x00000268ffdae160 JavaThread "Unconstrained build operations Thread 53"        [_thread_blocked, id=5532, stack(0x000000deeab00000,0x000000deeac00000) (1024K)]
  0x00000268ffdac720 JavaThread "Unconstrained build operations Thread 54"        [_thread_blocked, id=22504, stack(0x000000deeac00000,0x000000deead00000) (1024K)]
  0x00000268ffdacdb0 JavaThread "Unconstrained build operations Thread 55"        [_thread_blocked, id=34788, stack(0x000000deead00000,0x000000deeae00000) (1024K)]
  0x00000268fa06f0b0 JavaThread "ForkJoinPool.commonPool-worker-1" daemon [_thread_blocked, id=9112, stack(0x000000dee9000000,0x000000dee9100000) (1024K)]
  0x00000268fa06f740 JavaThread "ForkJoinPool.commonPool-worker-2" daemon [_thread_blocked, id=37696, stack(0x000000deeae00000,0x000000deeaf00000) (1024K)]
  0x00000268fa06fdd0 JavaThread "ForkJoinPool.commonPool-worker-3" daemon [_thread_blocked, id=20960, stack(0x000000deeaf00000,0x000000deeb000000) (1024K)]
  0x00000268fa070460 JavaThread "ForkJoinPool.commonPool-worker-4" daemon [_thread_blocked, id=37520, stack(0x000000deeb000000,0x000000deeb100000) (1024K)]
  0x00000268fa06dd00 JavaThread "ForkJoinPool.commonPool-worker-5" daemon [_thread_blocked, id=24148, stack(0x000000deeb100000,0x000000deeb200000) (1024K)]
  0x00000268fa06cfe0 JavaThread "ForkJoinPool.commonPool-worker-6" daemon [_thread_blocked, id=15860, stack(0x000000deeb200000,0x000000deeb300000) (1024K)]
  0x00000268fa070af0 JavaThread "ForkJoinPool.commonPool-worker-7" daemon [_thread_blocked, id=9404, stack(0x000000deeb300000,0x000000deeb400000) (1024K)]
  0x00000268fa06d670 JavaThread "Exec process"               daemon [_thread_blocked, id=34104, stack(0x000000deeb400000,0x000000deeb500000) (1024K)]
  0x00000268fa071180 JavaThread "Exec process Thread 2"      daemon [_thread_blocked, id=16128, stack(0x000000deeb500000,0x000000deeb600000) (1024K)]
  0x00000268fa071ea0 JavaThread "Exec process Thread 3"      daemon [_thread_blocked, id=37092, stack(0x000000deeb600000,0x000000deeb700000) (1024K)]
  0x00000268fa073250 JavaThread "included builds"                   [_thread_blocked, id=37620, stack(0x000000deeb700000,0x000000deeb800000) (1024K)]
  0x00000268fa072530 JavaThread "included builds Thread 2"          [_thread_blocked, id=2608, stack(0x000000deeb800000,0x000000deeb900000) (1024K)]
  0x00000268fa072bc0 JavaThread "Execution worker"                  [_thread_blocked, id=19300, stack(0x000000deeb900000,0x000000deeba00000) (1024K)]
  0x00000268dac7c880 JavaThread "Execution worker Thread 2"         [_thread_blocked, id=37388, stack(0x000000deeba00000,0x000000deebb00000) (1024K)]
  0x00000268dac7f670 JavaThread "Execution worker Thread 3"         [_thread_blocked, id=12504, stack(0x000000deebb00000,0x000000deebc00000) (1024K)]
  0x00000268dac7efe0 JavaThread "Execution worker Thread 4"         [_thread_blocked, id=19364, stack(0x000000deebc00000,0x000000deebd00000) (1024K)]
  0x00000268dac7cf10 JavaThread "Execution worker Thread 5"         [_thread_blocked, id=17180, stack(0x000000deebd00000,0x000000deebe00000) (1024K)]
  0x00000268dac7fd00 JavaThread "Execution worker Thread 6"         [_thread_blocked, id=35316, stack(0x000000deebe00000,0x000000deebf00000) (1024K)]
  0x00000268dac7d5a0 JavaThread "Execution worker Thread 7"         [_thread_blocked, id=37460, stack(0x000000deebf00000,0x000000deec000000) (1024K)]
  0x00000268dac7dc30 JavaThread "Cache worker for execution history cache (D:\MY APPS\sleep app version 2.1\a0-project\node_modules\@react-native\gradle-plugin\.gradle\8.14.3\executionHistory)"        [_thread_blocked, id=24360, stack(0x000000deec000000,0x000000deec100000) (1024K)]
  0x00000268dac7e2c0 JavaThread "Cache worker for execution history cache (D:\MY APPS\sleep app version 2.1\a0-project\node_modules\expo-modules-autolinking\android\expo-gradle-plugin\.gradle\8.14.3\executionHistory)"        [_thread_blocked, id=29188, stack(0x000000deec100000,0x000000deec200000) (1024K)]
  0x00000268fa06e390 JavaThread "Unconstrained build operations Thread 56"        [_thread_blocked, id=27904, stack(0x000000deec200000,0x000000deec300000) (1024K)]
  0x00000268fa06c2c0 JavaThread "Unconstrained build operations Thread 57"        [_thread_blocked, id=16100, stack(0x000000deec300000,0x000000deec400000) (1024K)]
  0x00000268fa06ea20 JavaThread "Unconstrained build operations Thread 58"        [_thread_blocked, id=19820, stack(0x000000deec400000,0x000000deec500000) (1024K)]
  0x00000268fa06c950 JavaThread "Unconstrained build operations Thread 59"        [_thread_blocked, id=35608, stack(0x000000deec500000,0x000000deec600000) (1024K)]
  0x00000268fa06bc30 JavaThread "Unconstrained build operations Thread 60"        [_thread_blocked, id=37612, stack(0x000000deec600000,0x000000deec700000) (1024K)]
  0x00000268ffdad440 JavaThread "Unconstrained build operations Thread 61"        [_thread_blocked, id=23176, stack(0x000000deec700000,0x000000deec800000) (1024K)]
  0x00000268ffdaee80 JavaThread "Unconstrained build operations Thread 62"        [_thread_blocked, id=28728, stack(0x000000deec800000,0x000000deec900000) (1024K)]
  0x00000268ffdadad0 JavaThread "Unconstrained build operations Thread 63"        [_thread_blocked, id=22264, stack(0x000000deec900000,0x000000deeca00000) (1024K)]
  0x00000268dac7e950 JavaThread "Unconstrained build operations Thread 64"        [_thread_blocked, id=15584, stack(0x000000deeca00000,0x000000deecb00000) (1024K)]
  0x00000268fcd01d60 JavaThread "Unconstrained build operations Thread 65"        [_thread_blocked, id=32760, stack(0x000000deecb00000,0x000000deecc00000) (1024K)]
  0x00000268fccffc90 JavaThread "Unconstrained build operations Thread 66"        [_thread_blocked, id=37720, stack(0x000000deecc00000,0x000000deecd00000) (1024K)]
  0x00000268fccff600 JavaThread "Unconstrained build operations Thread 67"        [_thread_blocked, id=37692, stack(0x000000deecd00000,0x000000deece00000) (1024K)]
  0x00000268fcd016d0 JavaThread "Unconstrained build operations Thread 68"        [_thread_blocked, id=26896, stack(0x000000deece00000,0x000000deecf00000) (1024K)]
  0x00000268fccfe8e0 JavaThread "Unconstrained build operations Thread 69"        [_thread_blocked, id=37820, stack(0x000000deecf00000,0x000000deed000000) (1024K)]
  0x00000268fcd009b0 JavaThread "Unconstrained build operations Thread 70"        [_thread_blocked, id=1916, stack(0x000000deed000000,0x000000deed100000) (1024K)]
  0x00000268fcd00320 JavaThread "Unconstrained build operations Thread 71"        [_thread_blocked, id=1388, stack(0x000000deed100000,0x000000deed200000) (1024K)]
  0x00000268fcd01040 JavaThread "Unconstrained build operations Thread 72"        [_thread_blocked, id=13144, stack(0x000000deed200000,0x000000deed300000) (1024K)]
  0x00000268fcd023f0 JavaThread "Unconstrained build operations Thread 73"        [_thread_blocked, id=35996, stack(0x000000deed300000,0x000000deed400000) (1024K)]
  0x00000268fccfef70 JavaThread "Unconstrained build operations Thread 75"        [_thread_blocked, id=37732, stack(0x000000deed400000,0x000000deed500000) (1024K)]
  0x00000268fcd05f00 JavaThread "Unconstrained build operations Thread 76"        [_thread_blocked, id=25088, stack(0x000000deed500000,0x000000deed600000) (1024K)]
  0x00000268fcd037a0 JavaThread "Unconstrained build operations Thread 74"        [_thread_blocked, id=21688, stack(0x000000deed600000,0x000000deed700000) (1024K)]
  0x00000268fcd05870 JavaThread "Unconstrained build operations Thread 77"        [_thread_blocked, id=16224, stack(0x000000deed700000,0x000000deed800000) (1024K)]
  0x00000268fcd02a80 JavaThread "Unconstrained build operations Thread 78"        [_thread_blocked, id=2468, stack(0x000000deed800000,0x000000deed900000) (1024K)]
  0x00000268fcd03110 JavaThread "Unconstrained build operations Thread 80"        [_thread_blocked, id=3036, stack(0x000000deed900000,0x000000deeda00000) (1024K)]
  0x00000268fcd044c0 JavaThread "Unconstrained build operations Thread 79"        [_thread_blocked, id=30916, stack(0x000000deeda00000,0x000000deedb00000) (1024K)]
  0x00000268fcd03e30 JavaThread "jar transforms Thread 4"           [_thread_blocked, id=32600, stack(0x000000deedb00000,0x000000deedc00000) (1024K)]
  0x000002688056b9a0 JavaThread "Cache worker for Build Output Cleanup Cache (D:\MY APPS\sleep app version 2.1\a0-project\node_modules\expo-dev-launcher\expo-dev-launcher-gradle-plugin\.gradle\buildOutputCleanup)"        [_thread_blocked, id=36712, stack(0x000000deedc00000,0x000000deedd00000) (1024K)]
  0x000002688056d3e0 JavaThread "Cache worker for Build Output Cleanup Cache (D:\MY APPS\sleep app version 2.1\a0-project\node_modules\expo-modules-core\expo-module-gradle-plugin\.gradle\buildOutputCleanup)"        [_thread_blocked, id=29412, stack(0x000000deedd00000,0x000000deede00000) (1024K)]
  0x000002688056da70 JavaThread "Cache worker for Build Output Cleanup Cache (D:\MY APPS\sleep app version 2.1\a0-project\node_modules\expo-updates\expo-updates-gradle-plugin\.gradle\buildOutputCleanup)"        [_thread_blocked, id=37508, stack(0x000000deede00000,0x000000deedf00000) (1024K)]
  0x000002688056e100 JavaThread "build event listener"              [_thread_blocked, id=31136, stack(0x000000deedf00000,0x000000deee000000) (1024K)]
  0x000002688056a5f0 JavaThread "build event listener"              [_thread_blocked, id=11016, stack(0x000000deee000000,0x000000deee100000) (1024K)]
  0x00000268fcd04b50 JavaThread "build event listener"              [_thread_blocked, id=37180, stack(0x000000dee3a00000,0x000000dee3b00000) (1024K)]
  0x000002688026f560 JavaThread "Kotlin DSL Writer"                 [_thread_blocked, id=27700, stack(0x000000deee100000,0x000000deee200000) (1024K)]
  0x00000268805701d0 JavaThread "jar transforms Thread 5"           [_thread_blocked, id=28256, stack(0x000000deee300000,0x000000deee400000) (1024K)]
  0x0000026886f13f30 JavaThread "included builds Thread 3"          [_thread_blocked, id=37576, stack(0x000000deee400000,0x000000deee500000) (1024K)]
  0x0000026886f16d20 JavaThread "included builds Thread 4"          [_thread_blocked, id=30956, stack(0x000000deee500000,0x000000deee600000) (1024K)]
  0x0000026886f17a40 JavaThread "included builds Thread 5"          [_thread_blocked, id=29520, stack(0x000000deee600000,0x000000deee700000) (1024K)]
  0x0000026886f173b0 JavaThread "Cache worker for execution history cache (D:\MY APPS\sleep app version 2.1\a0-project\node_modules\expo-updates\expo-updates-gradle-plugin\.gradle\8.14.3\executionHistory)"        [_thread_blocked, id=22804, stack(0x000000deee700000,0x000000deee800000) (1024K)]
  0x0000026886f145c0 JavaThread "Cache worker for execution history cache (D:\MY APPS\sleep app version 2.1\a0-project\node_modules\expo-modules-core\expo-module-gradle-plugin\.gradle\8.14.3\executionHistory)"        [_thread_blocked, id=30164, stack(0x000000deee800000,0x000000deee900000) (1024K)]
  0x0000026886f180d0 JavaThread "Cache worker for execution history cache (D:\MY APPS\sleep app version 2.1\a0-project\node_modules\expo-dev-launcher\expo-dev-launcher-gradle-plugin\.gradle\8.14.3\executionHistory)"        [_thread_blocked, id=34736, stack(0x000000deee900000,0x000000deeea00000) (1024K)]
  0x00000268818c59d0 JavaThread "C2 CompilerThread1"         daemon [_thread_blocked, id=27840, stack(0x000000deee200000,0x000000deee300000) (1024K)]
Total: 160

Other Threads:
=>0x00000268da7bd220 VMThread "VM Thread"                           [id=13696, stack(0x000000dee4300000,0x000000dee4400000) (1024K)]
  0x00000268da7ae090 WatcherThread "VM Periodic Task Thread"        [id=18944, stack(0x000000dee4200000,0x000000dee4300000) (1024K)]
  0x00000268c0318420 WorkerThread "GC Thread#0"                     [id=33180, stack(0x000000dee3d00000,0x000000dee3e00000) (1024K)]
  0x00000268fa25b780 WorkerThread "GC Thread#1"                     [id=24200, stack(0x000000dee4f00000,0x000000dee5000000) (1024K)]
  0x00000268fa4153e0 WorkerThread "GC Thread#2"                     [id=14456, stack(0x000000dee5000000,0x000000dee5100000) (1024K)]
  0x00000268faaac860 WorkerThread "GC Thread#3"                     [id=18312, stack(0x000000dee5100000,0x000000dee5200000) (1024K)]
  0x00000268faaacc00 WorkerThread "GC Thread#4"                     [id=26620, stack(0x000000dee5200000,0x000000dee5300000) (1024K)]
  0x00000268fe571920 WorkerThread "GC Thread#5"                     [id=30884, stack(0x000000dee6000000,0x000000dee6100000) (1024K)]
  0x00000268fe572ee0 WorkerThread "GC Thread#6"                     [id=16608, stack(0x000000dee6100000,0x000000dee6200000) (1024K)]
  0x00000268fe571cc0 WorkerThread "GC Thread#7"                     [id=15836, stack(0x000000dee6200000,0x000000dee6300000) (1024K)]
  0x00000268c032b220 ConcurrentGCThread "G1 Main Marker"            [id=26680, stack(0x000000dee3e00000,0x000000dee3f00000) (1024K)]
  0x00000268c032bc30 WorkerThread "G1 Conc#0"                       [id=35352, stack(0x000000dee3f00000,0x000000dee4000000) (1024K)]
  0x00000268fe572400 WorkerThread "G1 Conc#1"                       [id=32148, stack(0x000000dee6300000,0x000000dee6400000) (1024K)]
  0x00000268da67c140 ConcurrentGCThread "G1 Refine#0"               [id=22472, stack(0x000000dee4000000,0x000000dee4100000) (1024K)]
  0x00000268da67e970 ConcurrentGCThread "G1 Service"                [id=34208, stack(0x000000dee4100000,0x000000dee4200000) (1024K)]
Total: 15

Threads with active compile tasks:
C2 CompilerThread0  61411 22027       4       org.jetbrains.org.objectweb.asm.ClassReader::accept (1380 bytes)
C1 CompilerThread0  61411 22479       3       org.jetbrains.kotlin.metadata.jvm.deserialization.JvmMetadataVersion::newerThan (48 bytes)
C2 CompilerThread1  61411 22294   !   4       org.jetbrains.kotlin.metadata.ProtoBuf$Type::<init> (875 bytes)
Total: 3

VM state: at safepoint (normal execution)

VM Mutex/Monitor currently owned by a thread:  ([mutex/lock_event])
[0x00007fff80d0d380] Threads_lock - owner thread: 0x00000268da7bd220
[0x00007fff80d0d480] Heap_lock - owner thread: 0x00000268fc403dc0

Heap address: 0x0000000080000000, size: 2048 MB, Compressed Oops mode: 32-bit

CDS archive(s) mapped at: [0x00000268db000000-0x00000268dbba0000-0x00000268dbba0000), size 12189696, SharedBaseAddress: 0x00000268db000000, ArchiveRelocationMode: 1.
Compressed class space mapped at: 0x00000268dc000000-0x00000268f6000000, reserved size: 436207616
Narrow klass base: 0x00000268db000000, Narrow klass shift: 0, Narrow klass range: 0x100000000

GC Precious Log:
 CardTable entry size: 512
 Card Set container configuration: InlinePtr #cards 5 size 8 Array Of Cards #cards 12 size 40 Howl #buckets 4 coarsen threshold 1843 Howl Bitmap #cards 512 size 80 coarsen threshold 460 Card regions per heap region 1 cards per card region 2048
 CPUs: 8 total, 8 available
 Memory: 7834M
 Large Page Support: Disabled
 NUMA Support: Disabled
 Compressed Oops: Enabled (32-bit)
 Heap Region Size: 1M
 Heap Min Capacity: 8M
 Heap Initial Capacity: 124M
 Heap Max Capacity: 2G
 Pre-touch: Disabled
 Parallel Workers: 8
 Concurrent Workers: 2
 Concurrent Refinement Workers: 8
 Periodic GC: Disabled

Heap:
 garbage-first heap   total 347136K, used 218529K [0x0000000080000000, 0x0000000100000000)
  region size 1024K, 12 young (12288K), 12 survivors (12288K)
 Metaspace       used 168619K, committed 171712K, reserved 622592K
  class space    used 21830K, committed 23360K, reserved 425984K

Heap Regions: E=young(eden), S=young(survivor), O=old, HS=humongous(starts), HC=humongous(continues), CS=collection set, F=free, TAMS=top-at-mark-start, PB=parsable bottom
|   0|0x0000000080000000, 0x0000000080100000, 0x0000000080100000|100%|HS|  |TAMS 0x0000000080100000| PB 0x0000000080000000| Complete 
|   1|0x0000000080100000, 0x0000000080200000, 0x0000000080200000|100%|HC|  |TAMS 0x0000000080200000| PB 0x0000000080100000| Complete 
|   2|0x0000000080200000, 0x0000000080300000, 0x0000000080300000|100%|HC|  |TAMS 0x0000000080300000| PB 0x0000000080200000| Complete 
|   3|0x0000000080300000, 0x0000000080400000, 0x0000000080400000|100%| O|  |TAMS 0x0000000080400000| PB 0x0000000080300000| Untracked 
|   4|0x0000000080400000, 0x0000000080500000, 0x0000000080500000|100%| O|  |TAMS 0x0000000080500000| PB 0x0000000080400000| Untracked 
|   5|0x0000000080500000, 0x0000000080600000, 0x0000000080600000|100%| O|  |TAMS 0x0000000080600000| PB 0x0000000080500000| Untracked 
|   6|0x0000000080600000, 0x0000000080700000, 0x0000000080700000|100%|HS|  |TAMS 0x0000000080700000| PB 0x0000000080600000| Complete 
|   7|0x0000000080700000, 0x0000000080800000, 0x0000000080800000|100%| O|  |TAMS 0x0000000080800000| PB 0x0000000080700000| Untracked 
|   8|0x0000000080800000, 0x0000000080900000, 0x0000000080900000|100%| O|  |TAMS 0x0000000080900000| PB 0x0000000080800000| Untracked 
|   9|0x0000000080900000, 0x0000000080a00000, 0x0000000080a00000|100%| O|  |TAMS 0x0000000080a00000| PB 0x0000000080900000| Untracked 
|  10|0x0000000080a00000, 0x0000000080b00000, 0x0000000080b00000|100%| O|  |TAMS 0x0000000080b00000| PB 0x0000000080a00000| Untracked 
|  11|0x0000000080b00000, 0x0000000080c00000, 0x0000000080c00000|100%| O|  |TAMS 0x0000000080c00000| PB 0x0000000080b00000| Untracked 
|  12|0x0000000080c00000, 0x0000000080d00000, 0x0000000080d00000|100%| O|  |TAMS 0x0000000080d00000| PB 0x0000000080c00000| Untracked 
|  13|0x0000000080d00000, 0x0000000080e00000, 0x0000000080e00000|100%| O|  |TAMS 0x0000000080e00000| PB 0x0000000080d00000| Untracked 
|  14|0x0000000080e00000, 0x0000000080f00000, 0x0000000080f00000|100%| O|  |TAMS 0x0000000080f00000| PB 0x0000000080e00000| Untracked 
|  15|0x0000000080f00000, 0x0000000081000000, 0x0000000081000000|100%| O|  |TAMS 0x0000000081000000| PB 0x0000000080f00000| Untracked 
|  16|0x0000000081000000, 0x0000000081100000, 0x0000000081100000|100%| O|  |TAMS 0x0000000081100000| PB 0x0000000081000000| Untracked 
|  17|0x0000000081100000, 0x0000000081200000, 0x0000000081200000|100%| O|  |TAMS 0x0000000081200000| PB 0x0000000081100000| Untracked 
|  18|0x0000000081200000, 0x0000000081300000, 0x0000000081300000|100%| O|  |TAMS 0x0000000081300000| PB 0x0000000081200000| Untracked 
|  19|0x0000000081300000, 0x0000000081400000, 0x0000000081400000|100%| O|  |TAMS 0x0000000081400000| PB 0x0000000081300000| Untracked 
|  20|0x0000000081400000, 0x0000000081500000, 0x0000000081500000|100%| O|  |TAMS 0x0000000081500000| PB 0x0000000081400000| Untracked 
|  21|0x0000000081500000, 0x0000000081600000, 0x0000000081600000|100%| O|  |TAMS 0x0000000081600000| PB 0x0000000081500000| Untracked 
|  22|0x0000000081600000, 0x0000000081700000, 0x0000000081700000|100%| O|  |TAMS 0x0000000081700000| PB 0x0000000081600000| Untracked 
|  23|0x0000000081700000, 0x0000000081800000, 0x0000000081800000|100%| O|  |TAMS 0x0000000081800000| PB 0x0000000081700000| Untracked 
|  24|0x0000000081800000, 0x0000000081900000, 0x0000000081900000|100%| O|  |TAMS 0x0000000081900000| PB 0x0000000081800000| Untracked 
|  25|0x0000000081900000, 0x0000000081a00000, 0x0000000081a00000|100%| O|  |TAMS 0x0000000081a00000| PB 0x0000000081900000| Untracked 
|  26|0x0000000081a00000, 0x0000000081b00000, 0x0000000081b00000|100%| O|  |TAMS 0x0000000081b00000| PB 0x0000000081a00000| Untracked 
|  27|0x0000000081b00000, 0x0000000081c00000, 0x0000000081c00000|100%| O|  |TAMS 0x0000000081c00000| PB 0x0000000081b00000| Untracked 
|  28|0x0000000081c00000, 0x0000000081d00000, 0x0000000081d00000|100%| O|  |TAMS 0x0000000081d00000| PB 0x0000000081c00000| Untracked 
|  29|0x0000000081d00000, 0x0000000081e00000, 0x0000000081e00000|100%| O|  |TAMS 0x0000000081e00000| PB 0x0000000081d00000| Untracked 
|  30|0x0000000081e00000, 0x0000000081f00000, 0x0000000081f00000|100%| O|  |TAMS 0x0000000081f00000| PB 0x0000000081e00000| Untracked 
|  31|0x0000000081f00000, 0x0000000082000000, 0x0000000082000000|100%| O|  |TAMS 0x0000000082000000| PB 0x0000000081f00000| Untracked 
|  32|0x0000000082000000, 0x0000000082100000, 0x0000000082100000|100%| O|  |TAMS 0x0000000082100000| PB 0x0000000082000000| Untracked 
|  33|0x0000000082100000, 0x0000000082200000, 0x0000000082200000|100%| O|  |TAMS 0x0000000082200000| PB 0x0000000082100000| Untracked 
|  34|0x0000000082200000, 0x0000000082300000, 0x0000000082300000|100%| O|  |TAMS 0x0000000082300000| PB 0x0000000082200000| Untracked 
|  35|0x0000000082300000, 0x0000000082400000, 0x0000000082400000|100%| O|  |TAMS 0x0000000082400000| PB 0x0000000082300000| Untracked 
|  36|0x0000000082400000, 0x0000000082500000, 0x0000000082500000|100%| O|  |TAMS 0x0000000082500000| PB 0x0000000082400000| Untracked 
|  37|0x0000000082500000, 0x0000000082600000, 0x0000000082600000|100%| O|  |TAMS 0x0000000082600000| PB 0x0000000082500000| Untracked 
|  38|0x0000000082600000, 0x0000000082700000, 0x0000000082700000|100%| O|  |TAMS 0x0000000082700000| PB 0x0000000082600000| Untracked 
|  39|0x0000000082700000, 0x0000000082800000, 0x0000000082800000|100%| O|  |TAMS 0x0000000082800000| PB 0x0000000082700000| Untracked 
|  40|0x0000000082800000, 0x0000000082900000, 0x0000000082900000|100%| O|  |TAMS 0x0000000082900000| PB 0x0000000082800000| Untracked 
|  41|0x0000000082900000, 0x0000000082a00000, 0x0000000082a00000|100%| O|  |TAMS 0x0000000082a00000| PB 0x0000000082900000| Untracked 
|  42|0x0000000082a00000, 0x0000000082b00000, 0x0000000082b00000|100%| O|  |TAMS 0x0000000082b00000| PB 0x0000000082a00000| Untracked 
|  43|0x0000000082b00000, 0x0000000082c00000, 0x0000000082c00000|100%| O|  |TAMS 0x0000000082c00000| PB 0x0000000082b00000| Untracked 
|  44|0x0000000082c00000, 0x0000000082d00000, 0x0000000082d00000|100%|HS|  |TAMS 0x0000000082d00000| PB 0x0000000082c00000| Complete 
|  45|0x0000000082d00000, 0x0000000082e00000, 0x0000000082e00000|100%|HC|  |TAMS 0x0000000082e00000| PB 0x0000000082d00000| Complete 
|  46|0x0000000082e00000, 0x0000000082f00000, 0x0000000082f00000|100%|HC|  |TAMS 0x0000000082f00000| PB 0x0000000082e00000| Complete 
|  47|0x0000000082f00000, 0x0000000083000000, 0x0000000083000000|100%|HS|  |TAMS 0x0000000083000000| PB 0x0000000082f00000| Complete 
|  48|0x0000000083000000, 0x0000000083100000, 0x0000000083100000|100%|HC|  |TAMS 0x0000000083100000| PB 0x0000000083000000| Complete 
|  49|0x0000000083100000, 0x0000000083200000, 0x0000000083200000|100%|HC|  |TAMS 0x0000000083200000| PB 0x0000000083100000| Complete 
|  50|0x0000000083200000, 0x0000000083300000, 0x0000000083300000|100%| O|  |TAMS 0x0000000083300000| PB 0x0000000083200000| Untracked 
|  51|0x0000000083300000, 0x0000000083400000, 0x0000000083400000|100%| O|  |TAMS 0x0000000083400000| PB 0x0000000083300000| Untracked 
|  52|0x0000000083400000, 0x0000000083500000, 0x0000000083500000|100%| O|  |TAMS 0x0000000083500000| PB 0x0000000083400000| Untracked 
|  53|0x0000000083500000, 0x0000000083600000, 0x0000000083600000|100%| O|  |TAMS 0x0000000083600000| PB 0x0000000083500000| Untracked 
|  54|0x0000000083600000, 0x0000000083700000, 0x0000000083700000|100%| O|  |TAMS 0x0000000083700000| PB 0x0000000083600000| Untracked 
|  55|0x0000000083700000, 0x0000000083800000, 0x0000000083800000|100%| O|  |TAMS 0x0000000083800000| PB 0x0000000083700000| Untracked 
|  56|0x0000000083800000, 0x0000000083900000, 0x0000000083900000|100%| O|  |TAMS 0x0000000083900000| PB 0x0000000083800000| Untracked 
|  57|0x0000000083900000, 0x0000000083a00000, 0x0000000083a00000|100%| O|  |TAMS 0x0000000083a00000| PB 0x0000000083900000| Untracked 
|  58|0x0000000083a00000, 0x0000000083b00000, 0x0000000083b00000|100%| O|  |TAMS 0x0000000083b00000| PB 0x0000000083a00000| Untracked 
|  59|0x0000000083b00000, 0x0000000083c00000, 0x0000000083c00000|100%| O|  |TAMS 0x0000000083c00000| PB 0x0000000083b00000| Untracked 
|  60|0x0000000083c00000, 0x0000000083d00000, 0x0000000083d00000|100%| O|  |TAMS 0x0000000083d00000| PB 0x0000000083c00000| Untracked 
|  61|0x0000000083d00000, 0x0000000083e00000, 0x0000000083e00000|100%| O|  |TAMS 0x0000000083e00000| PB 0x0000000083d00000| Untracked 
|  62|0x0000000083e00000, 0x0000000083f00000, 0x0000000083f00000|100%| O|  |TAMS 0x0000000083f00000| PB 0x0000000083e00000| Untracked 
|  63|0x0000000083f00000, 0x0000000084000000, 0x0000000084000000|100%| O|  |TAMS 0x0000000084000000| PB 0x0000000083f00000| Untracked 
|  64|0x0000000084000000, 0x0000000084100000, 0x0000000084100000|100%| O|  |TAMS 0x0000000084100000| PB 0x0000000084000000| Untracked 
|  65|0x0000000084100000, 0x0000000084200000, 0x0000000084200000|100%| O|  |TAMS 0x0000000084200000| PB 0x0000000084100000| Untracked 
|  66|0x0000000084200000, 0x0000000084300000, 0x0000000084300000|100%| O|  |TAMS 0x0000000084300000| PB 0x0000000084200000| Untracked 
|  67|0x0000000084300000, 0x0000000084400000, 0x0000000084400000|100%| O|  |TAMS 0x0000000084400000| PB 0x0000000084300000| Untracked 
|  68|0x0000000084400000, 0x0000000084500000, 0x0000000084500000|100%| O|  |TAMS 0x0000000084500000| PB 0x0000000084400000| Untracked 
|  69|0x0000000084500000, 0x0000000084600000, 0x0000000084600000|100%| O|  |TAMS 0x0000000084600000| PB 0x0000000084500000| Untracked 
|  70|0x0000000084600000, 0x0000000084700000, 0x0000000084700000|100%|HS|  |TAMS 0x0000000084700000| PB 0x0000000084600000| Complete 
|  71|0x0000000084700000, 0x0000000084800000, 0x0000000084800000|100%|HC|  |TAMS 0x0000000084800000| PB 0x0000000084700000| Complete 
|  72|0x0000000084800000, 0x0000000084900000, 0x0000000084900000|100%| O|  |TAMS 0x0000000084900000| PB 0x0000000084800000| Untracked 
|  73|0x0000000084900000, 0x0000000084a00000, 0x0000000084a00000|100%| O|  |TAMS 0x0000000084a00000| PB 0x0000000084900000| Untracked 
|  74|0x0000000084a00000, 0x0000000084b00000, 0x0000000084b00000|100%| O|  |TAMS 0x0000000084b00000| PB 0x0000000084a00000| Untracked 
|  75|0x0000000084b00000, 0x0000000084c00000, 0x0000000084c00000|100%| O|  |TAMS 0x0000000084c00000| PB 0x0000000084b00000| Untracked 
|  76|0x0000000084c00000, 0x0000000084d00000, 0x0000000084d00000|100%| O|  |TAMS 0x0000000084d00000| PB 0x0000000084c00000| Untracked 
|  77|0x0000000084d00000, 0x0000000084e00000, 0x0000000084e00000|100%| O|  |TAMS 0x0000000084e00000| PB 0x0000000084d00000| Untracked 
|  78|0x0000000084e00000, 0x0000000084f00000, 0x0000000084f00000|100%| O|  |TAMS 0x0000000084f00000| PB 0x0000000084e00000| Untracked 
|  79|0x0000000084f00000, 0x0000000085000000, 0x0000000085000000|100%| O|  |TAMS 0x0000000085000000| PB 0x0000000084f00000| Untracked 
|  80|0x0000000085000000, 0x0000000085100000, 0x0000000085100000|100%| O|  |TAMS 0x0000000085100000| PB 0x0000000085000000| Untracked 
|  81|0x0000000085100000, 0x0000000085200000, 0x0000000085200000|100%| O|  |TAMS 0x0000000085200000| PB 0x0000000085100000| Untracked 
|  82|0x0000000085200000, 0x0000000085300000, 0x0000000085300000|100%| O|  |TAMS 0x0000000085300000| PB 0x0000000085200000| Untracked 
|  83|0x0000000085300000, 0x0000000085400000, 0x0000000085400000|100%| O|  |TAMS 0x0000000085400000| PB 0x0000000085300000| Untracked 
|  84|0x0000000085400000, 0x0000000085500000, 0x0000000085500000|100%|HS|  |TAMS 0x0000000085500000| PB 0x0000000085400000| Complete 
|  85|0x0000000085500000, 0x0000000085600000, 0x0000000085600000|100%|HC|  |TAMS 0x0000000085600000| PB 0x0000000085500000| Complete 
|  86|0x0000000085600000, 0x0000000085700000, 0x0000000085700000|100%|HS|  |TAMS 0x0000000085700000| PB 0x0000000085600000| Complete 
|  87|0x0000000085700000, 0x0000000085800000, 0x0000000085800000|100%|HC|  |TAMS 0x0000000085800000| PB 0x0000000085700000| Complete 
|  88|0x0000000085800000, 0x0000000085900000, 0x0000000085900000|100%|HC|  |TAMS 0x0000000085900000| PB 0x0000000085800000| Complete 
|  89|0x0000000085900000, 0x0000000085a00000, 0x0000000085a00000|100%|HS|  |TAMS 0x0000000085a00000| PB 0x0000000085900000| Complete 
|  90|0x0000000085a00000, 0x0000000085b00000, 0x0000000085b00000|100%|HC|  |TAMS 0x0000000085b00000| PB 0x0000000085a00000| Complete 
|  91|0x0000000085b00000, 0x0000000085c00000, 0x0000000085c00000|100%|HC|  |TAMS 0x0000000085c00000| PB 0x0000000085b00000| Complete 
|  92|0x0000000085c00000, 0x0000000085d00000, 0x0000000085d00000|100%| O|  |TAMS 0x0000000085d00000| PB 0x0000000085c00000| Untracked 
|  93|0x0000000085d00000, 0x0000000085e00000, 0x0000000085e00000|100%| O|  |TAMS 0x0000000085e00000| PB 0x0000000085d00000| Untracked 
|  94|0x0000000085e00000, 0x0000000085f00000, 0x0000000085f00000|100%| O|  |TAMS 0x0000000085f00000| PB 0x0000000085e00000| Untracked 
|  95|0x0000000085f00000, 0x0000000086000000, 0x0000000086000000|100%| O|  |TAMS 0x0000000086000000| PB 0x0000000085f00000| Untracked 
|  96|0x0000000086000000, 0x0000000086100000, 0x0000000086100000|100%|HS|  |TAMS 0x0000000086100000| PB 0x0000000086000000| Complete 
|  97|0x0000000086100000, 0x0000000086200000, 0x0000000086200000|100%| O|  |TAMS 0x0000000086200000| PB 0x0000000086100000| Untracked 
|  98|0x0000000086200000, 0x0000000086300000, 0x0000000086300000|100%| O|  |TAMS 0x0000000086300000| PB 0x0000000086200000| Untracked 
|  99|0x0000000086300000, 0x0000000086400000, 0x0000000086400000|100%|HS|  |TAMS 0x0000000086400000| PB 0x0000000086300000| Complete 
| 100|0x0000000086400000, 0x0000000086500000, 0x0000000086500000|100%|HC|  |TAMS 0x0000000086500000| PB 0x0000000086400000| Complete 
| 101|0x0000000086500000, 0x0000000086600000, 0x0000000086600000|100%|HC|  |TAMS 0x0000000086600000| PB 0x0000000086500000| Complete 
| 102|0x0000000086600000, 0x0000000086700000, 0x0000000086700000|100%|HC|  |TAMS 0x0000000086700000| PB 0x0000000086600000| Complete 
| 103|0x0000000086700000, 0x0000000086800000, 0x0000000086800000|100%|HC|  |TAMS 0x0000000086800000| PB 0x0000000086700000| Complete 
| 104|0x0000000086800000, 0x0000000086900000, 0x0000000086900000|100%|HC|  |TAMS 0x0000000086900000| PB 0x0000000086800000| Complete 
| 105|0x0000000086900000, 0x0000000086a00000, 0x0000000086a00000|100%| O|  |TAMS 0x0000000086a00000| PB 0x0000000086900000| Untracked 
| 106|0x0000000086a00000, 0x0000000086b00000, 0x0000000086b00000|100%| O|  |TAMS 0x0000000086b00000| PB 0x0000000086a00000| Untracked 
| 107|0x0000000086b00000, 0x0000000086c00000, 0x0000000086c00000|100%| O|  |TAMS 0x0000000086c00000| PB 0x0000000086b00000| Untracked 
| 108|0x0000000086c00000, 0x0000000086d00000, 0x0000000086d00000|100%| O|  |TAMS 0x0000000086d00000| PB 0x0000000086c00000| Untracked 
| 109|0x0000000086d00000, 0x0000000086e00000, 0x0000000086e00000|100%| O|  |TAMS 0x0000000086e00000| PB 0x0000000086d00000| Untracked 
| 110|0x0000000086e00000, 0x0000000086f00000, 0x0000000086f00000|100%| O|  |TAMS 0x0000000086f00000| PB 0x0000000086e00000| Untracked 
| 111|0x0000000086f00000, 0x0000000087000000, 0x0000000087000000|100%| O|  |TAMS 0x0000000087000000| PB 0x0000000086f00000| Untracked 
| 112|0x0000000087000000, 0x0000000087100000, 0x0000000087100000|100%| O|  |TAMS 0x0000000087100000| PB 0x0000000087000000| Untracked 
| 113|0x0000000087100000, 0x0000000087200000, 0x0000000087200000|100%| O|  |TAMS 0x0000000087200000| PB 0x0000000087100000| Untracked 
| 114|0x0000000087200000, 0x0000000087300000, 0x0000000087300000|100%| O|  |TAMS 0x0000000087300000| PB 0x0000000087200000| Untracked 
| 115|0x0000000087300000, 0x0000000087400000, 0x0000000087400000|100%| O|  |TAMS 0x0000000087400000| PB 0x0000000087300000| Untracked 
| 116|0x0000000087400000, 0x0000000087500000, 0x0000000087500000|100%| O|  |TAMS 0x0000000087500000| PB 0x0000000087400000| Untracked 
| 117|0x0000000087500000, 0x0000000087600000, 0x0000000087600000|100%| O|  |TAMS 0x0000000087600000| PB 0x0000000087500000| Untracked 
| 118|0x0000000087600000, 0x0000000087700000, 0x0000000087700000|100%| O|  |TAMS 0x0000000087700000| PB 0x0000000087600000| Untracked 
| 119|0x0000000087700000, 0x0000000087800000, 0x0000000087800000|100%| O|  |TAMS 0x0000000087800000| PB 0x0000000087700000| Untracked 
| 120|0x0000000087800000, 0x0000000087900000, 0x0000000087900000|100%| O|  |TAMS 0x0000000087900000| PB 0x0000000087800000| Untracked 
| 121|0x0000000087900000, 0x0000000087a00000, 0x0000000087a00000|100%| O|  |TAMS 0x0000000087a00000| PB 0x0000000087900000| Untracked 
| 122|0x0000000087a00000, 0x0000000087b00000, 0x0000000087b00000|100%| O|  |TAMS 0x0000000087b00000| PB 0x0000000087a00000| Untracked 
| 123|0x0000000087b00000, 0x0000000087c00000, 0x0000000087c00000|100%| O|  |TAMS 0x0000000087c00000| PB 0x0000000087b00000| Untracked 
| 124|0x0000000087c00000, 0x0000000087d00000, 0x0000000087d00000|100%| O|  |TAMS 0x0000000087d00000| PB 0x0000000087c00000| Untracked 
| 125|0x0000000087d00000, 0x0000000087e00000, 0x0000000087e00000|100%| O|  |TAMS 0x0000000087e00000| PB 0x0000000087d00000| Untracked 
| 126|0x0000000087e00000, 0x0000000087f00000, 0x0000000087f00000|100%| O|  |TAMS 0x0000000087f00000| PB 0x0000000087e00000| Untracked 
| 127|0x0000000087f00000, 0x0000000088000000, 0x0000000088000000|100%| O|  |TAMS 0x0000000088000000| PB 0x0000000087f00000| Untracked 
| 128|0x0000000088000000, 0x0000000088100000, 0x0000000088100000|100%| O|  |TAMS 0x0000000088100000| PB 0x0000000088000000| Untracked 
| 129|0x0000000088100000, 0x0000000088200000, 0x0000000088200000|100%| O|  |TAMS 0x0000000088100000| PB 0x0000000088100000| Untracked 
| 130|0x0000000088200000, 0x0000000088300000, 0x0000000088300000|100%| O|  |TAMS 0x0000000088300000| PB 0x0000000088200000| Untracked 
| 131|0x0000000088300000, 0x0000000088400000, 0x0000000088400000|100%| O|  |TAMS 0x0000000088400000| PB 0x0000000088300000| Untracked 
| 132|0x0000000088400000, 0x0000000088500000, 0x0000000088500000|100%| O|  |TAMS 0x0000000088500000| PB 0x0000000088400000| Untracked 
| 133|0x0000000088500000, 0x0000000088600000, 0x0000000088600000|100%| O|  |TAMS 0x0000000088600000| PB 0x0000000088500000| Untracked 
| 134|0x0000000088600000, 0x0000000088700000, 0x0000000088700000|100%| O|  |TAMS 0x0000000088700000| PB 0x0000000088600000| Untracked 
| 135|0x0000000088700000, 0x0000000088800000, 0x0000000088800000|100%| O|  |TAMS 0x0000000088800000| PB 0x0000000088700000| Untracked 
| 136|0x0000000088800000, 0x0000000088900000, 0x0000000088900000|100%| O|  |TAMS 0x0000000088900000| PB 0x0000000088800000| Untracked 
| 137|0x0000000088900000, 0x0000000088a00000, 0x0000000088a00000|100%| O|  |TAMS 0x0000000088a00000| PB 0x0000000088900000| Untracked 
| 138|0x0000000088a00000, 0x0000000088b00000, 0x0000000088b00000|100%| O|  |TAMS 0x0000000088b00000| PB 0x0000000088a00000| Untracked 
| 139|0x0000000088b00000, 0x0000000088c00000, 0x0000000088c00000|100%| O|  |TAMS 0x0000000088c00000| PB 0x0000000088b00000| Untracked 
| 140|0x0000000088c00000, 0x0000000088c685b8, 0x0000000088d00000| 40%| O|  |TAMS 0x0000000088c00000| PB 0x0000000088c00000| Untracked 
| 141|0x0000000088d00000, 0x0000000088d00000, 0x0000000088e00000|  0%| F|  |TAMS 0x0000000088d00000| PB 0x0000000088d00000| Untracked 
| 142|0x0000000088e00000, 0x0000000088e00000, 0x0000000088f00000|  0%| F|  |TAMS 0x0000000088e00000| PB 0x0000000088e00000| Untracked 
| 143|0x0000000088f00000, 0x0000000088f00000, 0x0000000089000000|  0%| F|  |TAMS 0x0000000088f00000| PB 0x0000000088f00000| Untracked 
| 144|0x0000000089000000, 0x0000000089100000, 0x0000000089100000|100%| O|  |TAMS 0x0000000089100000| PB 0x0000000089000000| Untracked 
| 145|0x0000000089100000, 0x0000000089200000, 0x0000000089200000|100%|HS|  |TAMS 0x0000000089200000| PB 0x0000000089100000| Complete 
| 146|0x0000000089200000, 0x0000000089300000, 0x0000000089300000|100%|HS|  |TAMS 0x0000000089300000| PB 0x0000000089200000| Complete 
| 147|0x0000000089300000, 0x0000000089400000, 0x0000000089400000|100%| O|  |TAMS 0x0000000089400000| PB 0x0000000089300000| Untracked 
| 148|0x0000000089400000, 0x0000000089500000, 0x0000000089500000|100%| O|  |TAMS 0x0000000089500000| PB 0x0000000089400000| Untracked 
| 149|0x0000000089500000, 0x0000000089600000, 0x0000000089600000|100%| O|  |TAMS 0x0000000089600000| PB 0x0000000089500000| Untracked 
| 150|0x0000000089600000, 0x0000000089600000, 0x0000000089700000|  0%| F|  |TAMS 0x0000000089600000| PB 0x0000000089600000| Untracked 
| 151|0x0000000089700000, 0x0000000089800000, 0x0000000089800000|100%| O|  |TAMS 0x0000000089800000| PB 0x0000000089700000| Untracked 
| 152|0x0000000089800000, 0x0000000089900000, 0x0000000089900000|100%| O|  |TAMS 0x0000000089900000| PB 0x0000000089800000| Untracked 
| 153|0x0000000089900000, 0x0000000089a00000, 0x0000000089a00000|100%| O|  |TAMS 0x0000000089a00000| PB 0x0000000089900000| Untracked 
| 154|0x0000000089a00000, 0x0000000089b00000, 0x0000000089b00000|100%| O|  |TAMS 0x0000000089b00000| PB 0x0000000089a00000| Untracked 
| 155|0x0000000089b00000, 0x0000000089c00000, 0x0000000089c00000|100%| O|  |TAMS 0x0000000089c00000| PB 0x0000000089b00000| Untracked 
| 156|0x0000000089c00000, 0x0000000089d00000, 0x0000000089d00000|100%| O|  |TAMS 0x0000000089d00000| PB 0x0000000089c00000| Untracked 
| 157|0x0000000089d00000, 0x0000000089e00000, 0x0000000089e00000|100%| O|  |TAMS 0x0000000089e00000| PB 0x0000000089d00000| Untracked 
| 158|0x0000000089e00000, 0x0000000089f00000, 0x0000000089f00000|100%| O|  |TAMS 0x0000000089f00000| PB 0x0000000089e00000| Untracked 
| 159|0x0000000089f00000, 0x000000008a000000, 0x000000008a000000|100%| O|  |TAMS 0x000000008a000000| PB 0x0000000089f00000| Untracked 
| 160|0x000000008a000000, 0x000000008a100000, 0x000000008a100000|100%| O|  |TAMS 0x000000008a100000| PB 0x000000008a000000| Untracked 
| 161|0x000000008a100000, 0x000000008a200000, 0x000000008a200000|100%| O|  |TAMS 0x000000008a200000| PB 0x000000008a100000| Untracked 
| 162|0x000000008a200000, 0x000000008a300000, 0x000000008a300000|100%| O|  |TAMS 0x000000008a300000| PB 0x000000008a200000| Untracked 
| 163|0x000000008a300000, 0x000000008a400000, 0x000000008a400000|100%| O|  |TAMS 0x000000008a400000| PB 0x000000008a300000| Untracked 
| 164|0x000000008a400000, 0x000000008a500000, 0x000000008a500000|100%| O|  |TAMS 0x000000008a500000| PB 0x000000008a400000| Untracked 
| 165|0x000000008a500000, 0x000000008a600000, 0x000000008a600000|100%| O|  |TAMS 0x000000008a600000| PB 0x000000008a500000| Untracked 
| 166|0x000000008a600000, 0x000000008a700000, 0x000000008a700000|100%| O|  |TAMS 0x000000008a700000| PB 0x000000008a600000| Untracked 
| 167|0x000000008a700000, 0x000000008a800000, 0x000000008a800000|100%| O|  |TAMS 0x000000008a800000| PB 0x000000008a700000| Untracked 
| 168|0x000000008a800000, 0x000000008a900000, 0x000000008a900000|100%| O|  |TAMS 0x000000008a900000| PB 0x000000008a800000| Untracked 
| 169|0x000000008a900000, 0x000000008aa00000, 0x000000008aa00000|100%| O|  |TAMS 0x000000008aa00000| PB 0x000000008a900000| Untracked 
| 170|0x000000008aa00000, 0x000000008ab00000, 0x000000008ab00000|100%| O|  |TAMS 0x000000008ab00000| PB 0x000000008aa00000| Untracked 
| 171|0x000000008ab00000, 0x000000008ac00000, 0x000000008ac00000|100%| O|  |TAMS 0x000000008ac00000| PB 0x000000008ab00000| Untracked 
| 172|0x000000008ac00000, 0x000000008ad00000, 0x000000008ad00000|100%| O|  |TAMS 0x000000008ad00000| PB 0x000000008ac00000| Untracked 
| 173|0x000000008ad00000, 0x000000008ae00000, 0x000000008ae00000|100%| O|  |TAMS 0x000000008ae00000| PB 0x000000008ad00000| Untracked 
| 174|0x000000008ae00000, 0x000000008af00000, 0x000000008af00000|100%| O|  |TAMS 0x000000008af00000| PB 0x000000008ae00000| Untracked 
| 175|0x000000008af00000, 0x000000008b000000, 0x000000008b000000|100%| O|  |TAMS 0x000000008b000000| PB 0x000000008af00000| Untracked 
| 176|0x000000008b000000, 0x000000008b100000, 0x000000008b100000|100%| O|  |TAMS 0x000000008b100000| PB 0x000000008b000000| Untracked 
| 177|0x000000008b100000, 0x000000008b200000, 0x000000008b200000|100%| O|  |TAMS 0x000000008b200000| PB 0x000000008b100000| Untracked 
| 178|0x000000008b200000, 0x000000008b300000, 0x000000008b300000|100%| O|  |TAMS 0x000000008b300000| PB 0x000000008b200000| Untracked 
| 179|0x000000008b300000, 0x000000008b400000, 0x000000008b400000|100%| O|  |TAMS 0x000000008b400000| PB 0x000000008b300000| Untracked 
| 180|0x000000008b400000, 0x000000008b500000, 0x000000008b500000|100%| O|  |TAMS 0x000000008b500000| PB 0x000000008b400000| Untracked 
| 181|0x000000008b500000, 0x000000008b600000, 0x000000008b600000|100%| O|  |TAMS 0x000000008b600000| PB 0x000000008b500000| Untracked 
| 182|0x000000008b600000, 0x000000008b700000, 0x000000008b700000|100%| O|  |TAMS 0x000000008b700000| PB 0x000000008b600000| Untracked 
| 183|0x000000008b700000, 0x000000008b800000, 0x000000008b800000|100%| O|  |TAMS 0x000000008b800000| PB 0x000000008b700000| Untracked 
| 184|0x000000008b800000, 0x000000008b800000, 0x000000008b900000|  0%| F|  |TAMS 0x000000008b800000| PB 0x000000008b800000| Untracked 
| 185|0x000000008b900000, 0x000000008ba00000, 0x000000008ba00000|100%|HS|  |TAMS 0x000000008ba00000| PB 0x000000008b900000| Complete 
| 186|0x000000008ba00000, 0x000000008ba00000, 0x000000008bb00000|  0%| F|  |TAMS 0x000000008ba00000| PB 0x000000008ba00000| Untracked 
| 187|0x000000008bb00000, 0x000000008bc00000, 0x000000008bc00000|100%|HS|  |TAMS 0x000000008bc00000| PB 0x000000008bb00000| Complete 
| 188|0x000000008bc00000, 0x000000008bd00000, 0x000000008bd00000|100%| O|  |TAMS 0x000000008bc86dc0| PB 0x000000008bc00000| Untracked 
| 189|0x000000008bd00000, 0x000000008bd00000, 0x000000008be00000|  0%| F|  |TAMS 0x000000008bd00000| PB 0x000000008bd00000| Untracked 
| 190|0x000000008be00000, 0x000000008be00000, 0x000000008bf00000|  0%| F|  |TAMS 0x000000008be00000| PB 0x000000008be00000| Untracked 
| 191|0x000000008bf00000, 0x000000008bf00000, 0x000000008c000000|  0%| F|  |TAMS 0x000000008bf00000| PB 0x000000008bf00000| Untracked 
| 192|0x000000008c000000, 0x000000008c000000, 0x000000008c100000|  0%| F|  |TAMS 0x000000008c000000| PB 0x000000008c000000| Untracked 
| 193|0x000000008c100000, 0x000000008c100000, 0x000000008c200000|  0%| F|  |TAMS 0x000000008c100000| PB 0x000000008c100000| Untracked 
| 194|0x000000008c200000, 0x000000008c200000, 0x000000008c300000|  0%| F|  |TAMS 0x000000008c200000| PB 0x000000008c200000| Untracked 
| 195|0x000000008c300000, 0x000000008c300000, 0x000000008c400000|  0%| F|  |TAMS 0x000000008c300000| PB 0x000000008c300000| Untracked 
| 196|0x000000008c400000, 0x000000008c400000, 0x000000008c500000|  0%| F|  |TAMS 0x000000008c400000| PB 0x000000008c400000| Untracked 
| 197|0x000000008c500000, 0x000000008c500000, 0x000000008c600000|  0%| F|  |TAMS 0x000000008c500000| PB 0x000000008c500000| Untracked 
| 198|0x000000008c600000, 0x000000008c600000, 0x000000008c700000|  0%| F|  |TAMS 0x000000008c600000| PB 0x000000008c600000| Untracked 
| 199|0x000000008c700000, 0x000000008c700000, 0x000000008c800000|  0%| F|  |TAMS 0x000000008c700000| PB 0x000000008c700000| Untracked 
| 200|0x000000008c800000, 0x000000008c900000, 0x000000008c900000|100%| S|CS|TAMS 0x000000008c800000| PB 0x000000008c800000| Complete 
| 201|0x000000008c900000, 0x000000008ca00000, 0x000000008ca00000|100%| S|CS|TAMS 0x000000008c900000| PB 0x000000008c900000| Complete 
| 202|0x000000008ca00000, 0x000000008cb00000, 0x000000008cb00000|100%| S|CS|TAMS 0x000000008ca00000| PB 0x000000008ca00000| Complete 
| 203|0x000000008cb00000, 0x000000008cc00000, 0x000000008cc00000|100%| S|CS|TAMS 0x000000008cb00000| PB 0x000000008cb00000| Complete 
| 204|0x000000008cc00000, 0x000000008cd00000, 0x000000008cd00000|100%| S|CS|TAMS 0x000000008cc00000| PB 0x000000008cc00000| Complete 
| 205|0x000000008cd00000, 0x000000008ce00000, 0x000000008ce00000|100%| S|CS|TAMS 0x000000008cd00000| PB 0x000000008cd00000| Complete 
| 206|0x000000008ce00000, 0x000000008cf00000, 0x000000008cf00000|100%| S|CS|TAMS 0x000000008ce00000| PB 0x000000008ce00000| Complete 
| 207|0x000000008cf00000, 0x000000008d000000, 0x000000008d000000|100%| S|CS|TAMS 0x000000008cf00000| PB 0x000000008cf00000| Complete 
| 208|0x000000008d000000, 0x000000008d000000, 0x000000008d100000|  0%| F|  |TAMS 0x000000008d000000| PB 0x000000008d000000| Untracked 
| 209|0x000000008d100000, 0x000000008d100000, 0x000000008d200000|  0%| F|  |TAMS 0x000000008d100000| PB 0x000000008d100000| Untracked 
| 210|0x000000008d200000, 0x000000008d200000, 0x000000008d300000|  0%| F|  |TAMS 0x000000008d200000| PB 0x000000008d200000| Untracked 
| 211|0x000000008d300000, 0x000000008d300000, 0x000000008d400000|  0%| F|  |TAMS 0x000000008d300000| PB 0x000000008d300000| Untracked 
| 212|0x000000008d400000, 0x000000008d400000, 0x000000008d500000|  0%| F|  |TAMS 0x000000008d400000| PB 0x000000008d400000| Untracked 
| 213|0x000000008d500000, 0x000000008d500000, 0x000000008d600000|  0%| F|  |TAMS 0x000000008d500000| PB 0x000000008d500000| Untracked 
| 214|0x000000008d600000, 0x000000008d600000, 0x000000008d700000|  0%| F|  |TAMS 0x000000008d600000| PB 0x000000008d600000| Untracked 
| 215|0x000000008d700000, 0x000000008d700000, 0x000000008d800000|  0%| F|  |TAMS 0x000000008d700000| PB 0x000000008d700000| Untracked 
| 216|0x000000008d800000, 0x000000008d800000, 0x000000008d900000|  0%| F|  |TAMS 0x000000008d800000| PB 0x000000008d800000| Untracked 
| 217|0x000000008d900000, 0x000000008da00000, 0x000000008da00000|100%| S|CS|TAMS 0x000000008d900000| PB 0x000000008d900000| Complete 
| 218|0x000000008da00000, 0x000000008db00000, 0x000000008db00000|100%| S|CS|TAMS 0x000000008da00000| PB 0x000000008da00000| Complete 
| 219|0x000000008db00000, 0x000000008dc00000, 0x000000008dc00000|100%| S|CS|TAMS 0x000000008db00000| PB 0x000000008db00000| Complete 
| 220|0x000000008dc00000, 0x000000008dd00000, 0x000000008dd00000|100%| S|CS|TAMS 0x000000008dc00000| PB 0x000000008dc00000| Complete 
| 221|0x000000008dd00000, 0x000000008dd00000, 0x000000008de00000|  0%| F|  |TAMS 0x000000008dd00000| PB 0x000000008dd00000| Untracked 
| 222|0x000000008de00000, 0x000000008de00000, 0x000000008df00000|  0%| F|  |TAMS 0x000000008de00000| PB 0x000000008de00000| Untracked 
| 223|0x000000008df00000, 0x000000008df00000, 0x000000008e000000|  0%| F|  |TAMS 0x000000008df00000| PB 0x000000008df00000| Untracked 
| 224|0x000000008e000000, 0x000000008e000000, 0x000000008e100000|  0%| F|  |TAMS 0x000000008e000000| PB 0x000000008e000000| Untracked 
| 225|0x000000008e100000, 0x000000008e100000, 0x000000008e200000|  0%| F|  |TAMS 0x000000008e100000| PB 0x000000008e100000| Untracked 
| 226|0x000000008e200000, 0x000000008e200000, 0x000000008e300000|  0%| F|  |TAMS 0x000000008e200000| PB 0x000000008e200000| Untracked 
| 227|0x000000008e300000, 0x000000008e300000, 0x000000008e400000|  0%| F|  |TAMS 0x000000008e300000| PB 0x000000008e300000| Untracked 
| 228|0x000000008e400000, 0x000000008e400000, 0x000000008e500000|  0%| F|  |TAMS 0x000000008e400000| PB 0x000000008e400000| Untracked 
| 229|0x000000008e500000, 0x000000008e500000, 0x000000008e600000|  0%| F|  |TAMS 0x000000008e500000| PB 0x000000008e500000| Untracked 
| 230|0x000000008e600000, 0x000000008e600000, 0x000000008e700000|  0%| F|  |TAMS 0x000000008e600000| PB 0x000000008e600000| Untracked 
| 231|0x000000008e700000, 0x000000008e700000, 0x000000008e800000|  0%| F|  |TAMS 0x000000008e700000| PB 0x000000008e700000| Untracked 
| 232|0x000000008e800000, 0x000000008e800000, 0x000000008e900000|  0%| F|  |TAMS 0x000000008e800000| PB 0x000000008e800000| Untracked 
| 233|0x000000008e900000, 0x000000008e900000, 0x000000008ea00000|  0%| F|  |TAMS 0x000000008e900000| PB 0x000000008e900000| Untracked 
| 234|0x000000008ea00000, 0x000000008ea00000, 0x000000008eb00000|  0%| F|  |TAMS 0x000000008ea00000| PB 0x000000008ea00000| Untracked 
| 235|0x000000008eb00000, 0x000000008eb00000, 0x000000008ec00000|  0%| F|  |TAMS 0x000000008eb00000| PB 0x000000008eb00000| Untracked 
| 236|0x000000008ec00000, 0x000000008ec00000, 0x000000008ed00000|  0%| F|  |TAMS 0x000000008ec00000| PB 0x000000008ec00000| Untracked 
| 237|0x000000008ed00000, 0x000000008ed00000, 0x000000008ee00000|  0%| F|  |TAMS 0x000000008ed00000| PB 0x000000008ed00000| Untracked 
| 238|0x000000008ee00000, 0x000000008ee00000, 0x000000008ef00000|  0%| F|  |TAMS 0x000000008ee00000| PB 0x000000008ee00000| Untracked 
| 239|0x000000008ef00000, 0x000000008ef00000, 0x000000008f000000|  0%| F|  |TAMS 0x000000008ef00000| PB 0x000000008ef00000| Untracked 
| 240|0x000000008f000000, 0x000000008f000000, 0x000000008f100000|  0%| F|  |TAMS 0x000000008f000000| PB 0x000000008f000000| Untracked 
| 241|0x000000008f100000, 0x000000008f100000, 0x000000008f200000|  0%| F|  |TAMS 0x000000008f100000| PB 0x000000008f100000| Untracked 
| 242|0x000000008f200000, 0x000000008f200000, 0x000000008f300000|  0%| F|  |TAMS 0x000000008f200000| PB 0x000000008f200000| Untracked 
| 243|0x000000008f300000, 0x000000008f300000, 0x000000008f400000|  0%| F|  |TAMS 0x000000008f300000| PB 0x000000008f300000| Untracked 
| 244|0x000000008f400000, 0x000000008f400000, 0x000000008f500000|  0%| F|  |TAMS 0x000000008f400000| PB 0x000000008f400000| Untracked 
| 245|0x000000008f500000, 0x000000008f500000, 0x000000008f600000|  0%| F|  |TAMS 0x000000008f500000| PB 0x000000008f500000| Untracked 
| 246|0x000000008f600000, 0x000000008f600000, 0x000000008f700000|  0%| F|  |TAMS 0x000000008f600000| PB 0x000000008f600000| Untracked 
| 247|0x000000008f700000, 0x000000008f700000, 0x000000008f800000|  0%| F|  |TAMS 0x000000008f700000| PB 0x000000008f700000| Untracked 
| 248|0x000000008f800000, 0x000000008f800000, 0x000000008f900000|  0%| F|  |TAMS 0x000000008f800000| PB 0x000000008f800000| Untracked 
| 249|0x000000008f900000, 0x000000008f900000, 0x000000008fa00000|  0%| F|  |TAMS 0x000000008f900000| PB 0x000000008f900000| Untracked 
| 250|0x000000008fa00000, 0x000000008fa00000, 0x000000008fb00000|  0%| F|  |TAMS 0x000000008fa00000| PB 0x000000008fa00000| Untracked 
| 251|0x000000008fb00000, 0x000000008fb00000, 0x000000008fc00000|  0%| F|  |TAMS 0x000000008fb00000| PB 0x000000008fb00000| Untracked 
| 252|0x000000008fc00000, 0x000000008fc00000, 0x000000008fd00000|  0%| F|  |TAMS 0x000000008fc00000| PB 0x000000008fc00000| Untracked 
| 253|0x000000008fd00000, 0x000000008fd00000, 0x000000008fe00000|  0%| F|  |TAMS 0x000000008fd00000| PB 0x000000008fd00000| Untracked 
| 254|0x000000008fe00000, 0x000000008fe00000, 0x000000008ff00000|  0%| F|  |TAMS 0x000000008fe00000| PB 0x000000008fe00000| Untracked 
| 255|0x000000008ff00000, 0x000000008ff00000, 0x0000000090000000|  0%| F|  |TAMS 0x000000008ff00000| PB 0x000000008ff00000| Untracked 
| 256|0x0000000090000000, 0x0000000090000000, 0x0000000090100000|  0%| F|  |TAMS 0x0000000090000000| PB 0x0000000090000000| Untracked 
| 257|0x0000000090100000, 0x0000000090100000, 0x0000000090200000|  0%| F|  |TAMS 0x0000000090100000| PB 0x0000000090100000| Untracked 
| 258|0x0000000090200000, 0x0000000090200000, 0x0000000090300000|  0%| F|  |TAMS 0x0000000090200000| PB 0x0000000090200000| Untracked 
| 259|0x0000000090300000, 0x0000000090300000, 0x0000000090400000|  0%| F|  |TAMS 0x0000000090300000| PB 0x0000000090300000| Untracked 
| 260|0x0000000090400000, 0x0000000090400000, 0x0000000090500000|  0%| F|  |TAMS 0x0000000090400000| PB 0x0000000090400000| Untracked 
| 261|0x0000000090500000, 0x0000000090500000, 0x0000000090600000|  0%| F|  |TAMS 0x0000000090500000| PB 0x0000000090500000| Untracked 
| 262|0x0000000090600000, 0x0000000090600000, 0x0000000090700000|  0%| F|  |TAMS 0x0000000090600000| PB 0x0000000090600000| Untracked 
| 263|0x0000000090700000, 0x0000000090700000, 0x0000000090800000|  0%| F|  |TAMS 0x0000000090700000| PB 0x0000000090700000| Untracked 
| 264|0x0000000090800000, 0x0000000090800000, 0x0000000090900000|  0%| F|  |TAMS 0x0000000090800000| PB 0x0000000090800000| Untracked 
| 265|0x0000000090900000, 0x0000000090900000, 0x0000000090a00000|  0%| F|  |TAMS 0x0000000090900000| PB 0x0000000090900000| Untracked 
| 266|0x0000000090a00000, 0x0000000090a00000, 0x0000000090b00000|  0%| F|  |TAMS 0x0000000090a00000| PB 0x0000000090a00000| Untracked 
| 267|0x0000000090b00000, 0x0000000090b00000, 0x0000000090c00000|  0%| F|  |TAMS 0x0000000090b00000| PB 0x0000000090b00000| Untracked 
| 268|0x0000000090c00000, 0x0000000090c00000, 0x0000000090d00000|  0%| F|  |TAMS 0x0000000090c00000| PB 0x0000000090c00000| Untracked 
| 269|0x0000000090d00000, 0x0000000090d00000, 0x0000000090e00000|  0%| F|  |TAMS 0x0000000090d00000| PB 0x0000000090d00000| Untracked 
| 270|0x0000000090e00000, 0x0000000090e00000, 0x0000000090f00000|  0%| F|  |TAMS 0x0000000090e00000| PB 0x0000000090e00000| Untracked 
| 271|0x0000000090f00000, 0x0000000090f00000, 0x0000000091000000|  0%| F|  |TAMS 0x0000000090f00000| PB 0x0000000090f00000| Untracked 
| 272|0x0000000091000000, 0x0000000091000000, 0x0000000091100000|  0%| F|  |TAMS 0x0000000091000000| PB 0x0000000091000000| Untracked 
| 273|0x0000000091100000, 0x0000000091100000, 0x0000000091200000|  0%| F|  |TAMS 0x0000000091100000| PB 0x0000000091100000| Untracked 
| 274|0x0000000091200000, 0x0000000091200000, 0x0000000091300000|  0%| F|  |TAMS 0x0000000091200000| PB 0x0000000091200000| Untracked 
| 275|0x0000000091300000, 0x0000000091300000, 0x0000000091400000|  0%| F|  |TAMS 0x0000000091300000| PB 0x0000000091300000| Untracked 
| 276|0x0000000091400000, 0x0000000091400000, 0x0000000091500000|  0%| F|  |TAMS 0x0000000091400000| PB 0x0000000091400000| Untracked 
| 277|0x0000000091500000, 0x0000000091500000, 0x0000000091600000|  0%| F|  |TAMS 0x0000000091500000| PB 0x0000000091500000| Untracked 
| 278|0x0000000091600000, 0x0000000091600000, 0x0000000091700000|  0%| F|  |TAMS 0x0000000091600000| PB 0x0000000091600000| Untracked 
| 279|0x0000000091700000, 0x0000000091700000, 0x0000000091800000|  0%| F|  |TAMS 0x0000000091700000| PB 0x0000000091700000| Untracked 
| 280|0x0000000091800000, 0x0000000091800000, 0x0000000091900000|  0%| F|  |TAMS 0x0000000091800000| PB 0x0000000091800000| Untracked 
| 281|0x0000000091900000, 0x0000000091900000, 0x0000000091a00000|  0%| F|  |TAMS 0x0000000091900000| PB 0x0000000091900000| Untracked 
| 282|0x0000000091a00000, 0x0000000091a00000, 0x0000000091b00000|  0%| F|  |TAMS 0x0000000091a00000| PB 0x0000000091a00000| Untracked 
| 283|0x0000000091b00000, 0x0000000091b00000, 0x0000000091c00000|  0%| F|  |TAMS 0x0000000091b00000| PB 0x0000000091b00000| Untracked 
| 284|0x0000000091c00000, 0x0000000091c00000, 0x0000000091d00000|  0%| F|  |TAMS 0x0000000091c00000| PB 0x0000000091c00000| Untracked 
| 285|0x0000000091d00000, 0x0000000091d00000, 0x0000000091e00000|  0%| F|  |TAMS 0x0000000091d00000| PB 0x0000000091d00000| Untracked 
| 286|0x0000000091e00000, 0x0000000091e00000, 0x0000000091f00000|  0%| F|  |TAMS 0x0000000091e00000| PB 0x0000000091e00000| Untracked 
| 287|0x0000000091f00000, 0x0000000091f00000, 0x0000000092000000|  0%| F|  |TAMS 0x0000000091f00000| PB 0x0000000091f00000| Untracked 
| 288|0x0000000092000000, 0x0000000092000000, 0x0000000092100000|  0%| F|  |TAMS 0x0000000092000000| PB 0x0000000092000000| Untracked 
| 289|0x0000000092100000, 0x0000000092100000, 0x0000000092200000|  0%| F|  |TAMS 0x0000000092100000| PB 0x0000000092100000| Untracked 
| 290|0x0000000092200000, 0x0000000092200000, 0x0000000092300000|  0%| F|  |TAMS 0x0000000092200000| PB 0x0000000092200000| Untracked 
| 291|0x0000000092300000, 0x0000000092300000, 0x0000000092400000|  0%| F|  |TAMS 0x0000000092300000| PB 0x0000000092300000| Untracked 
| 292|0x0000000092400000, 0x0000000092400000, 0x0000000092500000|  0%| F|  |TAMS 0x0000000092400000| PB 0x0000000092400000| Untracked 
| 293|0x0000000092500000, 0x0000000092500000, 0x0000000092600000|  0%| F|  |TAMS 0x0000000092500000| PB 0x0000000092500000| Untracked 
| 294|0x0000000092600000, 0x0000000092600000, 0x0000000092700000|  0%| F|  |TAMS 0x0000000092600000| PB 0x0000000092600000| Untracked 
| 295|0x0000000092700000, 0x0000000092700000, 0x0000000092800000|  0%| F|  |TAMS 0x0000000092700000| PB 0x0000000092700000| Untracked 
| 296|0x0000000092800000, 0x0000000092800000, 0x0000000092900000|  0%| F|  |TAMS 0x0000000092800000| PB 0x0000000092800000| Untracked 
| 297|0x0000000092900000, 0x0000000092900000, 0x0000000092a00000|  0%| F|  |TAMS 0x0000000092900000| PB 0x0000000092900000| Untracked 
| 298|0x0000000092a00000, 0x0000000092a00000, 0x0000000092b00000|  0%| F|  |TAMS 0x0000000092a00000| PB 0x0000000092a00000| Untracked 
| 299|0x0000000092b00000, 0x0000000092b00000, 0x0000000092c00000|  0%| F|  |TAMS 0x0000000092b00000| PB 0x0000000092b00000| Untracked 
| 300|0x0000000092c00000, 0x0000000092c00000, 0x0000000092d00000|  0%| F|  |TAMS 0x0000000092c00000| PB 0x0000000092c00000| Untracked 
| 301|0x0000000092d00000, 0x0000000092d00000, 0x0000000092e00000|  0%| F|  |TAMS 0x0000000092d00000| PB 0x0000000092d00000| Untracked 
| 302|0x0000000092e00000, 0x0000000092e00000, 0x0000000092f00000|  0%| F|  |TAMS 0x0000000092e00000| PB 0x0000000092e00000| Untracked 
| 303|0x0000000092f00000, 0x0000000092f00000, 0x0000000093000000|  0%| F|  |TAMS 0x0000000092f00000| PB 0x0000000092f00000| Untracked 
| 304|0x0000000093000000, 0x0000000093000000, 0x0000000093100000|  0%| F|  |TAMS 0x0000000093000000| PB 0x0000000093000000| Untracked 
| 305|0x0000000093100000, 0x0000000093100000, 0x0000000093200000|  0%| F|  |TAMS 0x0000000093100000| PB 0x0000000093100000| Untracked 
| 306|0x0000000093200000, 0x0000000093200000, 0x0000000093300000|  0%| F|  |TAMS 0x0000000093200000| PB 0x0000000093200000| Untracked 
| 307|0x0000000093300000, 0x0000000093300000, 0x0000000093400000|  0%| F|  |TAMS 0x0000000093300000| PB 0x0000000093300000| Untracked 
| 308|0x0000000093400000, 0x0000000093400000, 0x0000000093500000|  0%| F|  |TAMS 0x0000000093400000| PB 0x0000000093400000| Untracked 
| 309|0x0000000093500000, 0x0000000093500000, 0x0000000093600000|  0%| F|  |TAMS 0x0000000093500000| PB 0x0000000093500000| Untracked 
| 310|0x0000000093600000, 0x0000000093600000, 0x0000000093700000|  0%| F|  |TAMS 0x0000000093600000| PB 0x0000000093600000| Untracked 
| 311|0x0000000093700000, 0x0000000093700000, 0x0000000093800000|  0%| F|  |TAMS 0x0000000093700000| PB 0x0000000093700000| Untracked 
| 312|0x0000000093800000, 0x0000000093800000, 0x0000000093900000|  0%| F|  |TAMS 0x0000000093800000| PB 0x0000000093800000| Untracked 
| 313|0x0000000093900000, 0x0000000093900000, 0x0000000093a00000|  0%| F|  |TAMS 0x0000000093900000| PB 0x0000000093900000| Untracked 
| 314|0x0000000093a00000, 0x0000000093a00000, 0x0000000093b00000|  0%| F|  |TAMS 0x0000000093a00000| PB 0x0000000093a00000| Untracked 
| 315|0x0000000093b00000, 0x0000000093b00000, 0x0000000093c00000|  0%| F|  |TAMS 0x0000000093b00000| PB 0x0000000093b00000| Untracked 
| 316|0x0000000093c00000, 0x0000000093c00000, 0x0000000093d00000|  0%| F|  |TAMS 0x0000000093c00000| PB 0x0000000093c00000| Untracked 
| 317|0x0000000093d00000, 0x0000000093d00000, 0x0000000093e00000|  0%| F|  |TAMS 0x0000000093d00000| PB 0x0000000093d00000| Untracked 
|2027|0x00000000feb00000, 0x00000000fec00000, 0x00000000fec00000|100%| O|  |TAMS 0x00000000fec00000| PB 0x00000000feb00000| Untracked 
|2028|0x00000000fec00000, 0x00000000fec00000, 0x00000000fed00000|  0%| F|  |TAMS 0x00000000fec00000| PB 0x00000000fec00000| Untracked 
|2029|0x00000000fed00000, 0x00000000fee00000, 0x00000000fee00000|100%| O|  |TAMS 0x00000000fee00000| PB 0x00000000fed00000| Untracked 
|2030|0x00000000fee00000, 0x00000000fef00000, 0x00000000fef00000|100%| O|  |TAMS 0x00000000fef00000| PB 0x00000000fee00000| Untracked 
|2031|0x00000000fef00000, 0x00000000ff000000, 0x00000000ff000000|100%| O|  |TAMS 0x00000000ff000000| PB 0x00000000fef00000| Untracked 
|2032|0x00000000ff000000, 0x00000000ff100000, 0x00000000ff100000|100%| O|  |TAMS 0x00000000ff100000| PB 0x00000000ff000000| Untracked 
|2033|0x00000000ff100000, 0x00000000ff200000, 0x00000000ff200000|100%| O|  |TAMS 0x00000000ff200000| PB 0x00000000ff100000| Untracked 
|2034|0x00000000ff200000, 0x00000000ff300000, 0x00000000ff300000|100%| O|  |TAMS 0x00000000ff300000| PB 0x00000000ff200000| Untracked 
|2035|0x00000000ff300000, 0x00000000ff400000, 0x00000000ff400000|100%| O|  |TAMS 0x00000000ff400000| PB 0x00000000ff300000| Untracked 
|2036|0x00000000ff400000, 0x00000000ff500000, 0x00000000ff500000|100%| O|  |TAMS 0x00000000ff500000| PB 0x00000000ff400000| Untracked 
|2037|0x00000000ff500000, 0x00000000ff600000, 0x00000000ff600000|100%| O|  |TAMS 0x00000000ff600000| PB 0x00000000ff500000| Untracked 
|2038|0x00000000ff600000, 0x00000000ff700000, 0x00000000ff700000|100%| O|  |TAMS 0x00000000ff700000| PB 0x00000000ff600000| Untracked 
|2039|0x00000000ff700000, 0x00000000ff800000, 0x00000000ff800000|100%| O|  |TAMS 0x00000000ff800000| PB 0x00000000ff700000| Untracked 
|2040|0x00000000ff800000, 0x00000000ff900000, 0x00000000ff900000|100%| O|  |TAMS 0x00000000ff900000| PB 0x00000000ff800000| Untracked 
|2041|0x00000000ff900000, 0x00000000ffa00000, 0x00000000ffa00000|100%| O|  |TAMS 0x00000000ffa00000| PB 0x00000000ff900000| Untracked 
|2042|0x00000000ffa00000, 0x00000000ffb00000, 0x00000000ffb00000|100%| O|  |TAMS 0x00000000ffb00000| PB 0x00000000ffa00000| Untracked 
|2043|0x00000000ffb00000, 0x00000000ffc00000, 0x00000000ffc00000|100%| O|  |TAMS 0x00000000ffc00000| PB 0x00000000ffb00000| Untracked 
|2044|0x00000000ffc00000, 0x00000000ffd00000, 0x00000000ffd00000|100%| O|  |TAMS 0x00000000ffd00000| PB 0x00000000ffc00000| Untracked 
|2045|0x00000000ffd00000, 0x00000000ffd00000, 0x00000000ffe00000|  0%| F|  |TAMS 0x00000000ffd00000| PB 0x00000000ffd00000| Untracked 
|2046|0x00000000ffe00000, 0x00000000fff00000, 0x00000000fff00000|100%| O|  |TAMS 0x00000000fff00000| PB 0x00000000ffe00000| Untracked 
|2047|0x00000000fff00000, 0x0000000100000000, 0x0000000100000000|100%| O|  |TAMS 0x0000000100000000| PB 0x00000000fff00000| Untracked 

Card table byte_map: [0x00000268d59a0000,0x00000268d5da0000] _byte_map_base: 0x00000268d55a0000

Marking Bits: (CMBitMap*) 0x00000268c0318a30
 Bits: [0x00000268d5da0000, 0x00000268d7da0000)

Polling page: 0x00000268be180000

Metaspace:

Usage:
  Non-class:    143.35 MB used.
      Class:     21.32 MB used.
       Both:    164.67 MB used.

Virtual space:
  Non-class space:      192.00 MB reserved,     144.88 MB ( 75%) committed,  3 nodes.
      Class space:      416.00 MB reserved,      22.81 MB (  5%) committed,  1 nodes.
             Both:      608.00 MB reserved,     167.69 MB ( 28%) committed. 

Chunk freelists:
   Non-Class:  14.41 MB
       Class:  9.14 MB
        Both:  23.55 MB

MaxMetaspaceSize: 512.00 MB
CompressedClassSpaceSize: 416.00 MB
Initial GC threshold: 21.00 MB
Current GC threshold: 277.94 MB
CDS: on
 - commit_granule_bytes: 65536.
 - commit_granule_words: 8192.
 - virtual_space_node_default_size: 8388608.
 - enlarge_chunks_in_place: 1.
 - use_allocation_guard: 0.


Internal statistics:

num_allocs_failed_limit: 12.
num_arena_births: 5330.
num_arena_deaths: 116.
num_vsnodes_births: 4.
num_vsnodes_deaths: 0.
num_space_committed: 2681.
num_space_uncommitted: 0.
num_chunks_returned_to_freelist: 193.
num_chunks_taken_from_freelist: 12965.
num_chunk_merges: 65.
num_chunk_splits: 8804.
num_chunks_enlarged: 5951.
num_inconsistent_stats: 0.

CodeHeap 'non-profiled nmethods': size=120000Kb used=10127Kb max_used=11061Kb free=109872Kb
 bounds [0x00000268cdd40000, 0x00000268ce810000, 0x00000268d5270000]
CodeHeap 'profiled nmethods': size=120000Kb used=36068Kb max_used=36909Kb free=83931Kb
 bounds [0x00000268c6270000, 0x00000268c8690000, 0x00000268cd7a0000]
CodeHeap 'non-nmethods': size=5760Kb used=3503Kb max_used=3564Kb free=2256Kb
 bounds [0x00000268cd7a0000, 0x00000268cdb30000, 0x00000268cdd40000]
 total_blobs=18477 nmethods=17286 adapters=1093
 compilation: enabled
              stopped_count=0, restarted_count=0
 full_count=0

Compilation events (20 events):
Event: 60.109 Thread 0x00000268da8032c0 nmethod 22455 0x00000268c6e14d10 code [0x00000268c6e14ec0, 0x00000268c6e15110]
Event: 60.109 Thread 0x00000268da8032c0 22458       2       org.jetbrains.org.objectweb.asm.ClassWriter::visitNestMember (48 bytes)
Event: 60.110 Thread 0x00000268da8032c0 nmethod 22458 0x00000268c6e14610 code [0x00000268c6e147e0, 0x00000268c6e14b38]
Event: 60.110 Thread 0x00000268da8032c0 22467       3       org.jetbrains.org.objectweb.asm.MethodWriter::visitFrame (811 bytes)
Event: 60.112 Thread 0x00000268da8032c0 nmethod 22467 0x00000268c6b07c10 code [0x00000268c6b08140, 0x00000268c6b0a3c0]
Event: 60.113 Thread 0x00000268da8032c0 22469       3       org.jetbrains.org.objectweb.asm.Label::put (83 bytes)
Event: 60.113 Thread 0x00000268da8032c0 nmethod 22469 0x00000268c7c8f190 code [0x00000268c7c8f3c0, 0x00000268c7c8f7d0]
Event: 60.113 Thread 0x00000268da8032c0 22470       3       org.jetbrains.org.objectweb.asm.tree.FrameNode::accept (184 bytes)
Event: 60.114 Thread 0x00000268da8032c0 nmethod 22470 0x00000268c6332510 code [0x00000268c63327e0, 0x00000268c6333410]
Event: 60.114 Thread 0x00000268da8032c0 22468       3       org.jetbrains.org.objectweb.asm.Label::addForwardReference (102 bytes)
Event: 60.114 Thread 0x00000268da8032c0 nmethod 22468 0x00000268c7c8e910 code [0x00000268c7c8eae0, 0x00000268c7c8efc8]
Event: 60.117 Thread 0x00000268da8032c0 22471       3       org.jetbrains.org.objectweb.asm.tree.FrameNode::asArray (60 bytes)
Event: 60.119 Thread 0x00000268da8032c0 nmethod 22471 0x00000268c819a510 code [0x00000268c819a720, 0x00000268c819b0d8]
Event: 60.119 Thread 0x00000268da8032c0 22472       3       org.jetbrains.org.objectweb.asm.ClassWriter::visitSource (39 bytes)
Event: 60.119 Thread 0x00000268da8032c0 nmethod 22472 0x00000268c6e1bb10 code [0x00000268c6e1bd00, 0x00000268c6e1c178]
Event: 60.120 Thread 0x00000268da8032c0 22473   !   3       org.jetbrains.kotlin.metadata.ProtoBuf$TypeParameter::<init> (662 bytes)
Event: 60.127 Thread 0x00000268da8032c0 nmethod 22473 0x00000268c6b51f10 code [0x00000268c6b526a0, 0x00000268c6b57630]
Event: 60.127 Thread 0x00000268da8032c0 22474       2       org.jetbrains.org.objectweb.asm.ClassWriter::visitNestHost (16 bytes)
Event: 60.127 Thread 0x00000268da8032c0 nmethod 22474 0x00000268c7cabb10 code [0x00000268c7cabcc0, 0x00000268c7cabe08]
Event: 60.132 Thread 0x00000268da8032c0 22479       3       org.jetbrains.kotlin.metadata.jvm.deserialization.JvmMetadataVersion::newerThan (48 bytes)

GC Heap History (20 events):
Event: 50.011 GC heap after
{Heap after GC invocations=51 (full 0):
 garbage-first heap   total 267264K, used 146145K [0x0000000080000000, 0x0000000100000000)
  region size 1024K, 6 young (6144K), 6 survivors (6144K)
 Metaspace       used 133589K, committed 136512K, reserved 557056K
  class space    used 18348K, committed 19840K, reserved 425984K
}
Event: 51.708 GC heap before
{Heap before GC invocations=52 (full 0):
 garbage-first heap   total 267264K, used 236257K [0x0000000080000000, 0x0000000100000000)
  region size 1024K, 94 young (96256K), 6 survivors (6144K)
 Metaspace       used 137364K, committed 140224K, reserved 557056K
  class space    used 18765K, committed 20224K, reserved 425984K
}
Event: 51.719 GC heap after
{Heap after GC invocations=53 (full 0):
 garbage-first heap   total 267264K, used 151512K [0x0000000080000000, 0x0000000100000000)
  region size 1024K, 12 young (12288K), 12 survivors (12288K)
 Metaspace       used 137364K, committed 140224K, reserved 557056K
  class space    used 18765K, committed 20224K, reserved 425984K
}
Event: 53.871 GC heap before
{Heap before GC invocations=53 (full 0):
 garbage-first heap   total 267264K, used 238552K [0x0000000080000000, 0x0000000100000000)
  region size 1024K, 98 young (100352K), 12 survivors (12288K)
 Metaspace       used 145957K, committed 148864K, reserved 557056K
  class space    used 19673K, committed 21184K, reserved 425984K
}
Event: 53.886 GC heap after
{Heap after GC invocations=54 (full 0):
 garbage-first heap   total 267264K, used 157742K [0x0000000080000000, 0x0000000100000000)
  region size 1024K, 13 young (13312K), 13 survivors (13312K)
 Metaspace       used 145957K, committed 148864K, reserved 557056K
  class space    used 19673K, committed 21184K, reserved 425984K
}
Event: 55.416 GC heap before
{Heap before GC invocations=54 (full 0):
 garbage-first heap   total 267264K, used 238638K [0x0000000080000000, 0x0000000100000000)
  region size 1024K, 92 young (94208K), 13 survivors (13312K)
 Metaspace       used 158284K, committed 161280K, reserved 622592K
  class space    used 20861K, committed 22336K, reserved 425984K
}
Event: 55.428 GC heap after
{Heap after GC invocations=55 (full 0):
 garbage-first heap   total 267264K, used 162555K [0x0000000080000000, 0x0000000100000000)
  region size 1024K, 4 young (4096K), 4 survivors (4096K)
 Metaspace       used 158284K, committed 161280K, reserved 622592K
  class space    used 20861K, committed 22336K, reserved 425984K
}
Event: 58.374 GC heap before
{Heap before GC invocations=56 (full 0):
 garbage-first heap   total 271360K, used 243451K [0x0000000080000000, 0x0000000100000000)
  region size 1024K, 84 young (86016K), 4 survivors (4096K)
 Metaspace       used 161698K, committed 164736K, reserved 622592K
  class space    used 21219K, committed 22720K, reserved 425984K
}
Event: 58.383 GC heap after
{Heap after GC invocations=57 (full 0):
 garbage-first heap   total 271360K, used 162462K [0x0000000080000000, 0x0000000100000000)
  region size 1024K, 11 young (11264K), 11 survivors (11264K)
 Metaspace       used 161698K, committed 164736K, reserved 622592K
  class space    used 21219K, committed 22720K, reserved 425984K
}
Event: 58.863 GC heap before
{Heap before GC invocations=57 (full 0):
 garbage-first heap   total 271360K, used 255646K [0x0000000080000000, 0x0000000100000000)
  region size 1024K, 92 young (94208K), 11 survivors (11264K)
 Metaspace       used 165394K, committed 168384K, reserved 622592K
  class space    used 21529K, committed 23040K, reserved 425984K
}
Event: 58.888 GC heap after
{Heap after GC invocations=58 (full 0):
 garbage-first heap   total 293888K, used 194048K [0x0000000080000000, 0x0000000100000000)
  region size 1024K, 12 young (12288K), 12 survivors (12288K)
 Metaspace       used 165394K, committed 168384K, reserved 622592K
  class space    used 21529K, committed 23040K, reserved 425984K
}
Event: 59.139 GC heap before
{Heap before GC invocations=58 (full 0):
 garbage-first heap   total 293888K, used 258560K [0x0000000080000000, 0x0000000100000000)
  region size 1024K, 76 young (77824K), 12 survivors (12288K)
 Metaspace       used 167453K, committed 170496K, reserved 622592K
  class space    used 21754K, committed 23296K, reserved 425984K
}
Event: 59.154 GC heap after
{Heap after GC invocations=59 (full 0):
 garbage-first heap   total 293888K, used 207872K [0x0000000080000000, 0x0000000100000000)
  region size 1024K, 10 young (10240K), 10 survivors (10240K)
 Metaspace       used 167453K, committed 170496K, reserved 622592K
  class space    used 21754K, committed 23296K, reserved 425984K
}
Event: 59.497 GC heap before
{Heap before GC invocations=59 (full 0):
 garbage-first heap   total 347136K, used 261120K [0x0000000080000000, 0x0000000100000000)
  region size 1024K, 63 young (64512K), 10 survivors (10240K)
 Metaspace       used 167819K, committed 170880K, reserved 622592K
  class space    used 21770K, committed 23296K, reserved 425984K
}
Event: 59.506 GC heap after
{Heap after GC invocations=60 (full 0):
 garbage-first heap   total 347136K, used 210985K [0x0000000080000000, 0x0000000100000000)
  region size 1024K, 3 young (3072K), 3 survivors (3072K)
 Metaspace       used 167819K, committed 170880K, reserved 622592K
  class space    used 21770K, committed 23296K, reserved 425984K
}
Event: 59.720 GC heap before
{Heap before GC invocations=61 (full 0):
 garbage-first heap   total 347136K, used 301097K [0x0000000080000000, 0x0000000100000000)
  region size 1024K, 92 young (94208K), 3 survivors (3072K)
 Metaspace       used 168279K, committed 171392K, reserved 622592K
  class space    used 21806K, committed 23360K, reserved 425984K
}
Event: 59.725 GC heap after
{Heap after GC invocations=62 (full 0):
 garbage-first heap   total 347136K, used 211207K [0x0000000080000000, 0x0000000100000000)
  region size 1024K, 3 young (3072K), 3 survivors (3072K)
 Metaspace       used 168279K, committed 171392K, reserved 622592K
  class space    used 21806K, committed 23360K, reserved 425984K
}
Event: 59.979 GC heap before
{Heap before GC invocations=62 (full 0):
 garbage-first heap   total 347136K, used 314631K [0x0000000080000000, 0x0000000100000000)
  region size 1024K, 102 young (104448K), 3 survivors (3072K)
 Metaspace       used 168569K, committed 171648K, reserved 622592K
  class space    used 21828K, committed 23360K, reserved 425984K
}
Event: 59.986 GC heap after
{Heap after GC invocations=63 (full 0):
 garbage-first heap   total 347136K, used 213193K [0x0000000080000000, 0x0000000100000000)
  region size 1024K, 9 young (9216K), 9 survivors (9216K)
 Metaspace       used 168569K, committed 171648K, reserved 622592K
  class space    used 21828K, committed 23360K, reserved 425984K
}
Event: 60.148 GC heap before
{Heap before GC invocations=63 (full 0):
 garbage-first heap   total 347136K, used 313545K [0x0000000080000000, 0x0000000100000000)
  region size 1024K, 108 young (110592K), 9 survivors (9216K)
 Metaspace       used 168619K, committed 171712K, reserved 622592K
  class space    used 21830K, committed 23360K, reserved 425984K
}

Dll operation events (15 events):
Event: 0.009 Loaded shared library C:\Program Files\Eclipse Adoptium\jre-21.0.5.11-hotspot\bin\java.dll
Event: 0.045 Loaded shared library C:\Program Files\Eclipse Adoptium\jre-21.0.5.11-hotspot\bin\jsvml.dll
Event: 0.083 Loaded shared library C:\Program Files\Eclipse Adoptium\jre-21.0.5.11-hotspot\bin\zip.dll
Event: 0.086 Loaded shared library C:\Program Files\Eclipse Adoptium\jre-21.0.5.11-hotspot\bin\instrument.dll
Event: 0.090 Loaded shared library C:\Program Files\Eclipse Adoptium\jre-21.0.5.11-hotspot\bin\net.dll
Event: 0.092 Loaded shared library C:\Program Files\Eclipse Adoptium\jre-21.0.5.11-hotspot\bin\nio.dll
Event: 0.095 Loaded shared library C:\Program Files\Eclipse Adoptium\jre-21.0.5.11-hotspot\bin\zip.dll
Event: 0.395 Loaded shared library C:\Program Files\Eclipse Adoptium\jre-21.0.5.11-hotspot\bin\jimage.dll
Event: 0.530 Loaded shared library C:\Program Files\Eclipse Adoptium\jre-21.0.5.11-hotspot\bin\verify.dll
Event: 0.612 Loaded shared library C:\Users\Asad Ali\.gradle\native\1def1411415f61bf3af743bc5b6707747c0891f09f0c88961ee8f79bc544acac\windows-amd64\native-platform.dll
Event: 0.625 Loaded shared library C:\Users\Asad Ali\.gradle\native\0.2.7\x86_64-windows-gnu\gradle-fileevents.dll
Event: 1.614 Loaded shared library C:\Program Files\Eclipse Adoptium\jre-21.0.5.11-hotspot\bin\management.dll
Event: 1.616 Loaded shared library C:\Program Files\Eclipse Adoptium\jre-21.0.5.11-hotspot\bin\management_ext.dll
Event: 1.779 Loaded shared library C:\Program Files\Eclipse Adoptium\jre-21.0.5.11-hotspot\bin\extnet.dll
Event: 2.076 Loaded shared library C:\Program Files\Eclipse Adoptium\jre-21.0.5.11-hotspot\bin\sunmscapi.dll

Deoptimization events (20 events):
Event: 59.744 Thread 0x00000268fc404ae0 DEOPT PACKING pc=0x00000268ce56b29c sp=0x000000dee99fae30
Event: 59.744 Thread 0x00000268fc404ae0 DEOPT UNPACKING pc=0x00000268cd7f7da2 sp=0x000000dee99fad88 mode 2
Event: 59.769 Thread 0x00000268fc404ae0 Uncommon trap: trap_request=0xffffff45 fr.pc=0x00000268ce7f4c38 relative=0x00000000000001f8
Event: 59.769 Thread 0x00000268fc404ae0 Uncommon trap: reason=unstable_if action=reinterpret pc=0x00000268ce7f4c38 method=org.jetbrains.kotlin.protobuf.CodedInputStream.readRawVarint32()I @ 10 c2
Event: 59.769 Thread 0x00000268fc404ae0 DEOPT PACKING pc=0x00000268ce7f4c38 sp=0x000000dee99f9ff0
Event: 59.769 Thread 0x00000268fc404ae0 DEOPT UNPACKING pc=0x00000268cd7f7da2 sp=0x000000dee99f9f70 mode 2
Event: 59.848 Thread 0x00000268fc404ae0 Uncommon trap: trap_request=0xffffff45 fr.pc=0x00000268ce2ec378 relative=0x0000000000000398
Event: 59.848 Thread 0x00000268fc404ae0 Uncommon trap: reason=unstable_if action=reinterpret pc=0x00000268ce2ec378 method=org.jetbrains.kotlin.protobuf.CodedInputStream.readRawVarint32()I @ 10 c2
Event: 59.848 Thread 0x00000268fc404ae0 DEOPT PACKING pc=0x00000268ce2ec378 sp=0x000000dee99fa430
Event: 59.848 Thread 0x00000268fc404ae0 DEOPT UNPACKING pc=0x00000268cd7f7da2 sp=0x000000dee99fa350 mode 2
Event: 59.997 Thread 0x00000268ffdab370 Uncommon trap: trap_request=0xffffff45 fr.pc=0x00000268cdddfcb8 relative=0x00000000000001f8
Event: 59.998 Thread 0x00000268ffdab370 Uncommon trap: reason=unstable_if action=reinterpret pc=0x00000268cdddfcb8 method=org.jetbrains.kotlin.protobuf.CodedInputStream.readRawVarint32()I @ 10 c2
Event: 60.004 Thread 0x00000268ffdab370 DEOPT PACKING pc=0x00000268cdddfcb8 sp=0x000000deea5f9880
Event: 60.004 Thread 0x00000268ffdab370 DEOPT UNPACKING pc=0x00000268cd7f7da2 sp=0x000000deea5f97a8 mode 2
Event: 60.057 Thread 0x00000268ffda9930 DEOPT PACKING pc=0x00000268c6942481 sp=0x000000deea1fae00
Event: 60.057 Thread 0x00000268ffda9930 DEOPT UNPACKING pc=0x00000268cd7f88e2 sp=0x000000deea1fa2e8 mode 0
Event: 60.068 Thread 0x00000268ffdaace0 Uncommon trap: trap_request=0xffffff45 fr.pc=0x00000268ce30c8c8 relative=0x0000000000000448
Event: 60.068 Thread 0x00000268ffdaace0 Uncommon trap: reason=unstable_if action=reinterpret pc=0x00000268ce30c8c8 method=java.lang.AbstractStringBuilder.append(Ljava/lang/CharSequence;)Ljava/lang/AbstractStringBuilder; @ 1 c2
Event: 60.068 Thread 0x00000268ffdaace0 DEOPT PACKING pc=0x00000268ce30c8c8 sp=0x000000deea4fb100
Event: 60.068 Thread 0x00000268ffdaace0 DEOPT UNPACKING pc=0x00000268cd7f7da2 sp=0x000000deea4fb0d0 mode 2

Classes loaded (20 events):
Event: 56.060 Loading class java/net/InetAddress$Addresses done
Event: 56.060 Loading class java/net/InetAddress$NameServiceAddresses done
Event: 56.060 Loading class java/net/spi/InetAddressResolverProvider
Event: 56.060 Loading class java/net/spi/InetAddressResolverProvider done
Event: 56.077 Loading class sun/net/InetAddressCachePolicy
Event: 56.077 Loading class sun/net/InetAddressCachePolicy done
Event: 56.077 Loading class sun/net/InetAddressCachePolicy$1
Event: 56.077 Loading class sun/net/InetAddressCachePolicy$1 done
Event: 56.078 Loading class java/net/InetAddress$CachedLookup
Event: 56.078 Loading class java/net/InetAddress$CachedLookup done
Event: 56.078 Loading class java/net/InetAddress$CachedLocalHost
Event: 56.078 Loading class java/net/InetAddress$CachedLocalHost done
Event: 57.082 Loading class java/util/Collections$ReverseComparator
Event: 57.082 Loading class java/util/Collections$ReverseComparator done
Event: 57.082 Loading class java/util/Collections$ReverseComparator2
Event: 57.082 Loading class java/util/Collections$ReverseComparator2 done
Event: 58.591 Loading class java/rmi/RemoteException
Event: 58.591 Loading class java/rmi/RemoteException done
Event: 58.653 Loading class java/nio/file/FileTreeWalker$1
Event: 58.654 Loading class java/nio/file/FileTreeWalker$1 done

Classes unloaded (20 events):
Event: 35.053 Thread 0x00000268da7bd220 Unloading class 0x00000268dcd69c00 'java/lang/invoke/LambdaForm$MH+0x00000268dcd69c00'
Event: 35.053 Thread 0x00000268da7bd220 Unloading class 0x00000268dcd69800 'java/lang/invoke/LambdaForm$MH+0x00000268dcd69800'
Event: 35.053 Thread 0x00000268da7bd220 Unloading class 0x00000268dcd69400 'java/lang/invoke/LambdaForm$MH+0x00000268dcd69400'
Event: 35.053 Thread 0x00000268da7bd220 Unloading class 0x00000268dcd68c00 'java/lang/invoke/LambdaForm$MH+0x00000268dcd68c00'
Event: 35.053 Thread 0x00000268da7bd220 Unloading class 0x00000268dcd68800 'java/lang/invoke/LambdaForm$MH+0x00000268dcd68800'
Event: 35.053 Thread 0x00000268da7bd220 Unloading class 0x00000268dcd68400 'java/lang/invoke/LambdaForm$MH+0x00000268dcd68400'
Event: 35.053 Thread 0x00000268da7bd220 Unloading class 0x00000268dcd67800 'java/lang/invoke/LambdaForm$MH+0x00000268dcd67800'
Event: 35.053 Thread 0x00000268da7bd220 Unloading class 0x00000268dcd67c00 'java/lang/invoke/LambdaForm$MH+0x00000268dcd67c00'
Event: 35.053 Thread 0x00000268da7bd220 Unloading class 0x00000268dcd67000 'java/lang/invoke/LambdaForm$MH+0x00000268dcd67000'
Event: 35.053 Thread 0x00000268da7bd220 Unloading class 0x00000268dcd66c00 'java/lang/invoke/LambdaForm$MH+0x00000268dcd66c00'
Event: 35.053 Thread 0x00000268da7bd220 Unloading class 0x00000268dcd66800 'java/lang/invoke/LambdaForm$MH+0x00000268dcd66800'
Event: 35.053 Thread 0x00000268da7bd220 Unloading class 0x00000268dcd66000 'java/lang/invoke/LambdaForm$MH+0x00000268dcd66000'
Event: 35.053 Thread 0x00000268da7bd220 Unloading class 0x00000268dcd65c00 'java/lang/invoke/LambdaForm$MH+0x00000268dcd65c00'
Event: 35.053 Thread 0x00000268da7bd220 Unloading class 0x00000268dcd65800 'java/lang/invoke/LambdaForm$MH+0x00000268dcd65800'
Event: 35.053 Thread 0x00000268da7bd220 Unloading class 0x00000268dcd65000 'java/lang/invoke/LambdaForm$MH+0x00000268dcd65000'
Event: 35.053 Thread 0x00000268da7bd220 Unloading class 0x00000268dcd64c00 'java/lang/invoke/LambdaForm$DMH+0x00000268dcd64c00'
Event: 35.053 Thread 0x00000268da7bd220 Unloading class 0x00000268dcd64800 'java/lang/invoke/LambdaForm$MH+0x00000268dcd64800'
Event: 35.053 Thread 0x00000268da7bd220 Unloading class 0x00000268dcd64400 'java/lang/invoke/LambdaForm$DMH+0x00000268dcd64400'
Event: 35.053 Thread 0x00000268da7bd220 Unloading class 0x00000268dcd4cc00 'java/lang/invoke/LambdaForm$MH+0x00000268dcd4cc00'
Event: 35.053 Thread 0x00000268da7bd220 Unloading class 0x00000268dcd4c000 'java/lang/invoke/LambdaForm$DMH+0x00000268dcd4c000'

Classes redefined (0 events):
No events

Internal exceptions (20 events):
Event: 58.289 Thread 0x00000268fa072530 Exception <a 'sun/nio/fs/WindowsException'{0x000000008b83dc18}> (0x000000008b83dc18) 
thrown [s\src\hotspot\share\prims\jni.cpp, line 520]
Event: 58.290 Thread 0x00000268fa072530 Exception <a 'sun/nio/fs/WindowsException'{0x000000008b840868}> (0x000000008b840868) 
thrown [s\src\hotspot\share\prims\jni.cpp, line 520]
Event: 58.299 Thread 0x00000268fa072530 Exception <a 'sun/nio/fs/WindowsException'{0x000000008b843160}> (0x000000008b843160) 
thrown [s\src\hotspot\share\prims\jni.cpp, line 520]
Event: 58.404 Thread 0x00000268dac7c880 Exception <a 'sun/nio/fs/WindowsException'{0x0000000090168a20}> (0x0000000090168a20) 
thrown [s\src\hotspot\share\prims\jni.cpp, line 520]
Event: 58.405 Thread 0x00000268dac7c880 Exception <a 'sun/nio/fs/WindowsException'{0x000000009016e5f0}> (0x000000009016e5f0) 
thrown [s\src\hotspot\share\prims\jni.cpp, line 520]
Event: 58.405 Thread 0x00000268dac7c880 Exception <a 'sun/nio/fs/WindowsException'{0x0000000090170f68}> (0x0000000090170f68) 
thrown [s\src\hotspot\share\prims\jni.cpp, line 520]
Event: 58.406 Thread 0x00000268dac7c880 Exception <a 'sun/nio/fs/WindowsException'{0x00000000901734f8}> (0x00000000901734f8) 
thrown [s\src\hotspot\share\prims\jni.cpp, line 520]
Event: 58.435 Thread 0x0000026886f16d20 Exception <a 'sun/nio/fs/WindowsException'{0x000000009029dd40}> (0x000000009029dd40) 
thrown [s\src\hotspot\share\prims\jni.cpp, line 520]
Event: 58.435 Thread 0x0000026886f16d20 Exception <a 'sun/nio/fs/WindowsException'{0x000000009029fe20}> (0x000000009029fe20) 
thrown [s\src\hotspot\share\prims\jni.cpp, line 520]
Event: 58.435 Thread 0x0000026886f16d20 Exception <a 'sun/nio/fs/WindowsException'{0x000000008fe0ffd0}> (0x000000008fe0ffd0) 
thrown [s\src\hotspot\share\prims\jni.cpp, line 520]
Event: 58.494 Thread 0x00000268dac7f670 Exception <a 'sun/nio/fs/WindowsException'{0x000000008fbe8318}> (0x000000008fbe8318) 
thrown [s\src\hotspot\share\prims\jni.cpp, line 520]
Event: 58.494 Thread 0x00000268dac7f670 Exception <a 'sun/nio/fs/WindowsException'{0x000000008fbf6928}> (0x000000008fbf6928) 
thrown [s\src\hotspot\share\prims\jni.cpp, line 520]
Event: 58.495 Thread 0x00000268dac7f670 Exception <a 'sun/nio/fs/WindowsException'{0x000000008fbfdbf0}> (0x000000008fbfdbf0) 
thrown [s\src\hotspot\share\prims\jni.cpp, line 520]
Event: 58.495 Thread 0x00000268dac7f670 Exception <a 'sun/nio/fs/WindowsException'{0x000000008fa00458}> (0x000000008fa00458) 
thrown [s\src\hotspot\share\prims\jni.cpp, line 520]
Event: 58.520 Thread 0x0000026886f16d20 Exception <a 'java/lang/NoSuchMethodError'{0x000000008f850940}: static Ljava/lang/Object;.<clinit>()V> (0x000000008f850940) 
thrown [s\src\hotspot\share\prims\jni.cpp, line 1111]
Event: 58.617 Thread 0x0000026886f16d20 Exception <a 'java/lang/NoSuchMethodError'{0x000000008ef1ade0}: 'int java.lang.invoke.DirectMethodHandle$Holder.invokeStaticInit(java.lang.Object, java.lang.Object, int)'> (0x000000008ef1ade0) 
thrown [s\src\hotspot\share\interpreter\linkResolver.cpp, line 773]
Event: 58.807 Thread 0x00000268ffda9930 Exception <a 'java/lang/NoSuchMethodError'{0x000000008c83ba08}: 'int java.lang.invoke.DirectMethodHandle$Holder.invokeStatic(java.lang.Object, java.lang.Object, int, int)'> (0x000000008c83ba08) 
thrown [s\src\hotspot\share\interpreter\linkResolver.cpp, line 773]
Event: 58.914 Thread 0x00000268dac7efe0 Exception <a 'java/lang/NoSuchMethodError'{0x000000008fa09338}: method resolution failed> (0x000000008fa09338) 
thrown [s\src\hotspot\share\prims\methodHandles.cpp, line 1144]
Event: 59.026 Thread 0x0000026886f16d20 Implicit null exception at 0x00000268ce4bf79d to 0x00000268ce4bfb3c
Event: 60.068 Thread 0x00000268ffdaace0 Implicit null exception at 0x00000268ce30c4ba to 0x00000268ce30c8b0

ZGC Phase Switch (0 events):
No events

VM Operations (20 events):
Event: 58.813 Executing VM operation: HandshakeAllThreads (Deoptimize) done
Event: 58.862 Executing VM operation: G1CollectForAllocation (G1 Evacuation Pause)
Event: 58.863 Executing VM operation: G1CollectForAllocation (G1 Evacuation Pause) done
Event: 58.863 Executing VM operation: G1CollectForAllocation (GCLocker Initiated GC)
Event: 58.888 Executing VM operation: G1CollectForAllocation (GCLocker Initiated GC) done
Event: 59.138 Executing VM operation: G1CollectForAllocation (G1 Evacuation Pause)
Event: 59.154 Executing VM operation: G1CollectForAllocation (G1 Evacuation Pause) done
Event: 59.376 Executing VM operation: G1PauseRemark
Event: 59.413 Executing VM operation: G1PauseRemark done
Event: 59.491 Executing VM operation: G1CollectForAllocation (G1 Evacuation Pause)
Event: 59.507 Executing VM operation: G1CollectForAllocation (G1 Evacuation Pause) done
Event: 59.526 Executing VM operation: G1PauseCleanup
Event: 59.527 Executing VM operation: G1PauseCleanup done
Event: 59.719 Executing VM operation: G1CollectForAllocation (G1 Evacuation Pause)
Event: 59.725 Executing VM operation: G1CollectForAllocation (G1 Evacuation Pause) done
Event: 59.961 Executing VM operation: G1CollectForAllocation (G1 Evacuation Pause)
Event: 59.978 Executing VM operation: G1CollectForAllocation (G1 Evacuation Pause) done
Event: 59.979 Executing VM operation: G1CollectForAllocation (GCLocker Initiated GC)
Event: 59.986 Executing VM operation: G1CollectForAllocation (GCLocker Initiated GC) done
Event: 60.132 Executing VM operation: G1CollectForAllocation (G1 Evacuation Pause)

Memory protections (0 events):
No events

Nmethod flushes (20 events):
Event: 59.407 Thread 0x00000268da7bd220 flushing  nmethod 0x00000268c6df4810
Event: 59.407 Thread 0x00000268da7bd220 flushing  nmethod 0x00000268c6e3d110
Event: 59.407 Thread 0x00000268da7bd220 flushing  nmethod 0x00000268c6e5d510
Event: 59.407 Thread 0x00000268da7bd220 flushing  nmethod 0x00000268c6fd1890
Event: 59.407 Thread 0x00000268da7bd220 flushing  nmethod 0x00000268c709a010
Event: 59.407 Thread 0x00000268da7bd220 flushing  nmethod 0x00000268c7188090
Event: 59.407 Thread 0x00000268da7bd220 flushing  nmethod 0x00000268c7188e10
Event: 59.407 Thread 0x00000268da7bd220 flushing  nmethod 0x00000268c73b0690
Event: 59.407 Thread 0x00000268da7bd220 flushing  nmethod 0x00000268c7433f10
Event: 59.407 Thread 0x00000268da7bd220 flushing  nmethod 0x00000268c75a1710
Event: 59.407 Thread 0x00000268da7bd220 flushing  nmethod 0x00000268c795e310
Event: 59.407 Thread 0x00000268da7bd220 flushing  nmethod 0x00000268c7b3a610
Event: 59.407 Thread 0x00000268da7bd220 flushing  nmethod 0x00000268c7b3c510
Event: 59.407 Thread 0x00000268da7bd220 flushing  nmethod 0x00000268c7c73210
Event: 59.407 Thread 0x00000268da7bd220 flushing  nmethod 0x00000268c7df7a90
Event: 59.407 Thread 0x00000268da7bd220 flushing  nmethod 0x00000268c7dfb290
Event: 59.407 Thread 0x00000268da7bd220 flushing  nmethod 0x00000268c7f70b90
Event: 59.407 Thread 0x00000268da7bd220 flushing  nmethod 0x00000268c8016c90
Event: 59.407 Thread 0x00000268da7bd220 flushing  nmethod 0x00000268c8070c90
Event: 59.407 Thread 0x00000268da7bd220 flushing  nmethod 0x00000268c8191d10

Events (20 events):
Event: 44.931 Thread 0x00000268da801fe0 Thread added: 0x00000268ff99e390
Event: 45.430 Thread 0x00000268ff99e390 Thread exited: 0x00000268ff99e390
Event: 46.767 Thread 0x00000268da8032c0 Thread added: 0x00000268ff99ea60
Event: 46.874 Thread 0x00000268ff99ea60 Thread added: 0x00000268ff99f130
Event: 47.492 Thread 0x00000268ff99f130 Thread exited: 0x00000268ff99f130
Event: 47.980 Thread 0x00000268ff99ea60 Thread exited: 0x00000268ff99ea60
Event: 48.623 Thread 0x00000268da8032c0 Thread added: 0x00000268866010f0
Event: 52.153 Thread 0x00000268866010f0 Thread exited: 0x00000268866010f0
Event: 54.733 Thread 0x00000268da8032c0 Thread added: 0x00000268818c5300
Event: 55.310 Thread 0x00000268818c5300 Thread exited: 0x00000268818c5300
Event: 55.697 Thread 0x00000268da8032c0 Thread added: 0x00000268818c5300
Event: 56.613 Thread 0x00000268fb3f8570 Thread added: 0x00000268805701d0
Event: 57.542 Thread 0x00000268fb3f8570 Thread added: 0x0000026886f13f30
Event: 57.542 Thread 0x00000268fb3f8570 Thread added: 0x0000026886f16d20
Event: 57.542 Thread 0x00000268fb3f8570 Thread added: 0x0000026886f17a40
Event: 57.586 Thread 0x00000268dac7efe0 Thread added: 0x0000026886f173b0
Event: 57.586 Thread 0x00000268dac7d5a0 Thread added: 0x0000026886f145c0
Event: 57.586 Thread 0x00000268fa073250 Thread added: 0x0000026886f180d0
Event: 57.848 Thread 0x00000268818c5300 Thread exited: 0x00000268818c5300
Event: 58.417 Thread 0x00000268da8032c0 Thread added: 0x00000268818c59d0


Dynamic libraries:
0x00007ff77d320000 - 0x00007ff77d32e000 	C:\Program Files\Eclipse Adoptium\jre-21.0.5.11-hotspot\bin\java.exe
0x00007ff84e0e0000 - 0x00007ff84e347000 	C:\WINDOWS\SYSTEM32\ntdll.dll
0x00007ff84d3d0000 - 0x00007ff84d499000 	C:\WINDOWS\System32\KERNEL32.DLL
0x00007ff84b230000 - 0x00007ff84b61f000 	C:\WINDOWS\System32\KERNELBASE.dll
0x00007ff84b7b0000 - 0x00007ff84b8fb000 	C:\WINDOWS\System32\ucrtbase.dll
0x00007ff8089e0000 - 0x00007ff8089f8000 	C:\Program Files\Eclipse Adoptium\jre-21.0.5.11-hotspot\bin\jli.dll
0x00007ff807760000 - 0x00007ff80777e000 	C:\Program Files\Eclipse Adoptium\jre-21.0.5.11-hotspot\bin\VCRUNTIME140.dll
0x00007ff84ccb0000 - 0x00007ff84ce75000 	C:\WINDOWS\System32\USER32.dll
0x00007ff82b3f0000 - 0x00007ff82b683000 	C:\WINDOWS\WinSxS\amd64_microsoft.windows.common-controls_6595b64144ccf1df_6.0.26100.7309_none_3e05feeae336a044\COMCTL32.dll
0x00007ff84b630000 - 0x00007ff84b657000 	C:\WINDOWS\System32\win32u.dll
0x00007ff84d160000 - 0x00007ff84d209000 	C:\WINDOWS\System32\msvcrt.dll
0x00007ff84cba0000 - 0x00007ff84cbcb000 	C:\WINDOWS\System32\GDI32.dll
0x00007ff84bd50000 - 0x00007ff84be7c000 	C:\WINDOWS\System32\gdi32full.dll
0x00007ff84bca0000 - 0x00007ff84bd43000 	C:\WINDOWS\System32\msvcp_win.dll
0x00007ff84d120000 - 0x00007ff84d151000 	C:\WINDOWS\System32\IMM32.DLL
0x00007ff8227a0000 - 0x00007ff8227ac000 	C:\Program Files\Eclipse Adoptium\jre-21.0.5.11-hotspot\bin\vcruntime140_1.dll
0x00007fffc5e70000 - 0x00007fffc5efd000 	C:\Program Files\Eclipse Adoptium\jre-21.0.5.11-hotspot\bin\msvcp140.dll
0x00007fff80060000 - 0x00007fff80def000 	C:\Program Files\Eclipse Adoptium\jre-21.0.5.11-hotspot\bin\server\jvm.dll
0x00007ff84cbf0000 - 0x00007ff84cca4000 	C:\WINDOWS\System32\ADVAPI32.dll
0x00007ff84d070000 - 0x00007ff84d116000 	C:\WINDOWS\System32\sechost.dll
0x00007ff84ca80000 - 0x00007ff84cb98000 	C:\WINDOWS\System32\RPCRT4.dll
0x00007ff84d4a0000 - 0x00007ff84d514000 	C:\WINDOWS\System32\WS2_32.dll
0x00007ff84b090000 - 0x00007ff84b0ee000 	C:\WINDOWS\SYSTEM32\POWRPROF.dll
0x00007ff8393d0000 - 0x00007ff8393db000 	C:\WINDOWS\SYSTEM32\VERSION.dll
0x00007ff842cd0000 - 0x00007ff842d05000 	C:\WINDOWS\SYSTEM32\WINMM.dll
0x00007ff84b070000 - 0x00007ff84b084000 	C:\WINDOWS\SYSTEM32\UMPDC.dll
0x00007ff849f00000 - 0x00007ff849f1b000 	C:\WINDOWS\SYSTEM32\kernel.appcore.dll
0x00007ff807a00000 - 0x00007ff807a0a000 	C:\Program Files\Eclipse Adoptium\jre-21.0.5.11-hotspot\bin\jimage.dll
0x00007ff848820000 - 0x00007ff848a62000 	C:\WINDOWS\SYSTEM32\DBGHELP.DLL
0x00007ff84c660000 - 0x00007ff84c9e5000 	C:\WINDOWS\System32\combase.dll
0x00007ff84d630000 - 0x00007ff84d706000 	C:\WINDOWS\System32\OLEAUT32.dll
0x00007ff82a2c0000 - 0x00007ff82a2fc000 	C:\WINDOWS\SYSTEM32\dbgcore.DLL
0x00007ff84b900000 - 0x00007ff84b9a5000 	C:\WINDOWS\System32\bcryptPrimitives.dll
0x00007ff8077b0000 - 0x00007ff8077bf000 	C:\Program Files\Eclipse Adoptium\jre-21.0.5.11-hotspot\bin\instrument.dll
0x00007fffe2a50000 - 0x00007fffe2a6f000 	C:\Program Files\Eclipse Adoptium\jre-21.0.5.11-hotspot\bin\java.dll
0x00007ff84bf00000 - 0x00007ff84c653000 	C:\WINDOWS\System32\SHELL32.dll
0x00007ff84b9b0000 - 0x00007ff84bb1a000 	C:\WINDOWS\System32\wintypes.dll
0x00007ff848df0000 - 0x00007ff84964e000 	C:\WINDOWS\SYSTEM32\windows.storage.dll
0x00007ff84d520000 - 0x00007ff84d615000 	C:\WINDOWS\System32\SHCORE.dll
0x00007ff84dda0000 - 0x00007ff84de06000 	C:\WINDOWS\System32\shlwapi.dll
0x00007ff84b150000 - 0x00007ff84b179000 	C:\WINDOWS\SYSTEM32\profapi.dll
0x00007fffc03d0000 - 0x00007fffc04a7000 	C:\Program Files\Eclipse Adoptium\jre-21.0.5.11-hotspot\bin\jsvml.dll
0x00007fffe2a30000 - 0x00007fffe2a48000 	C:\Program Files\Eclipse Adoptium\jre-21.0.5.11-hotspot\bin\zip.dll
0x00007ff804de0000 - 0x00007ff804df0000 	C:\Program Files\Eclipse Adoptium\jre-21.0.5.11-hotspot\bin\net.dll
0x00007ff844ca0000 - 0x00007ff844dc8000 	C:\WINDOWS\SYSTEM32\WINHTTP.dll
0x00007ff84a4f0000 - 0x00007ff84a55b000 	C:\WINDOWS\system32\mswsock.dll
0x00007fffe19d0000 - 0x00007fffe19e6000 	C:\Program Files\Eclipse Adoptium\jre-21.0.5.11-hotspot\bin\nio.dll
0x00007ff800710000 - 0x00007ff800720000 	C:\Program Files\Eclipse Adoptium\jre-21.0.5.11-hotspot\bin\verify.dll
0x00007fffec2d0000 - 0x00007fffec2f7000 	C:\Users\Asad Ali\.gradle\native\1def1411415f61bf3af743bc5b6707747c0891f09f0c88961ee8f79bc544acac\windows-amd64\native-platform.dll
0x00007fffdfe70000 - 0x00007fffdfee8000 	C:\Users\Asad Ali\.gradle\native\0.2.7\x86_64-windows-gnu\gradle-fileevents.dll
0x00007fffe7210000 - 0x00007fffe721a000 	C:\Program Files\Eclipse Adoptium\jre-21.0.5.11-hotspot\bin\management.dll
0x00007fffe2bb0000 - 0x00007fffe2bbb000 	C:\Program Files\Eclipse Adoptium\jre-21.0.5.11-hotspot\bin\management_ext.dll
0x00007ff84d620000 - 0x00007ff84d628000 	C:\WINDOWS\System32\PSAPI.DLL
0x00007ff849a40000 - 0x00007ff849a74000 	C:\WINDOWS\SYSTEM32\IPHLPAPI.DLL
0x00007ff84cee0000 - 0x00007ff84ceea000 	C:\WINDOWS\System32\NSI.dll
0x00007fffe2660000 - 0x00007fffe2669000 	C:\Program Files\Eclipse Adoptium\jre-21.0.5.11-hotspot\bin\extnet.dll
0x00007ff84a8e0000 - 0x00007ff84a8fb000 	C:\WINDOWS\SYSTEM32\CRYPTSP.dll
0x00007ff849f20000 - 0x00007ff849f5a000 	C:\WINDOWS\system32\rsaenh.dll
0x00007ff84a5a0000 - 0x00007ff84a5cb000 	C:\WINDOWS\SYSTEM32\USERENV.dll
0x00007ff84b120000 - 0x00007ff84b14a000 	C:\WINDOWS\SYSTEM32\bcrypt.dll
0x00007ff84a740000 - 0x00007ff84a74c000 	C:\WINDOWS\SYSTEM32\CRYPTBASE.dll
0x00007fffe2a20000 - 0x00007fffe2a2e000 	C:\Program Files\Eclipse Adoptium\jre-21.0.5.11-hotspot\bin\sunmscapi.dll
0x00007ff84bb20000 - 0x00007ff84bc97000 	C:\WINDOWS\System32\CRYPT32.dll
0x00007ff84aa30000 - 0x00007ff84aa60000 	C:\WINDOWS\SYSTEM32\ncrypt.dll
0x00007ff84a9e0000 - 0x00007ff84aa1f000 	C:\WINDOWS\SYSTEM32\NTASN1.dll
0x00007fffe4f90000 - 0x00007fffe4f98000 	C:\WINDOWS\system32\wshunix.dll
0x00007ff847de0000 - 0x00007ff847e7f000 	C:\WINDOWS\system32\apphelp.dll
0x00007ff8314c0000 - 0x00007ff8314d8000 	C:\WINDOWS\system32\napinsp.dll
0x00007ff849b20000 - 0x00007ff849c4c000 	C:\WINDOWS\SYSTEM32\DNSAPI.dll
0x00007ff828250000 - 0x00007ff828262000 	C:\WINDOWS\System32\winrnr.dll
0x00007ff8013a0000 - 0x00007ff8013c2000 	C:\WINDOWS\system32\nlansp_c.dll
0x00007ff8151c0000 - 0x00007ff8151d6000 	C:\WINDOWS\system32\wshbth.dll
0x000000005bfc0000 - 0x000000005bfe6000 	C:\Program Files\Bonjour\mdnsNSP.dll
0x00007ff842a70000 - 0x00007ff842a7b000 	C:\Windows\System32\rasadhlp.dll
0x00007ff8456c0000 - 0x00007ff845746000 	C:\WINDOWS\System32\fwpuclnt.dll

dbghelp: loaded successfully - version: 4.0.5 - missing functions: none
symbol engine: initialized successfully - sym options: 0x614 - pdb path: .;C:\Program Files\Eclipse Adoptium\jre-21.0.5.11-hotspot\bin;C:\WINDOWS\SYSTEM32;C:\WINDOWS\WinSxS\amd64_microsoft.windows.common-controls_6595b64144ccf1df_6.0.26100.7309_none_3e05feeae336a044;C:\Program Files\Eclipse Adoptium\jre-21.0.5.11-hotspot\bin\server;C:\Users\Asad Ali\.gradle\native\1def1411415f61bf3af743bc5b6707747c0891f09f0c88961ee8f79bc544acac\windows-amd64;C:\Users\Asad Ali\.gradle\native\0.2.7\x86_64-windows-gnu;C:\Program Files\Bonjour

VM Arguments:
jvm_args: --add-opens=java.base/java.lang=ALL-UNNAMED --add-opens=java.base/java.lang.invoke=ALL-UNNAMED --add-opens=java.base/java.util=ALL-UNNAMED --add-opens=java.prefs/java.util.prefs=ALL-UNNAMED --add-exports=jdk.compiler/com.sun.tools.javac.api=ALL-UNNAMED --add-exports=jdk.compiler/com.sun.tools.javac.util=ALL-UNNAMED --add-opens=java.base/java.util=ALL-UNNAMED --add-opens=java.prefs/java.util.prefs=ALL-UNNAMED --add-opens=java.base/java.nio.charset=ALL-UNNAMED --add-opens=java.base/java.net=ALL-UNNAMED --add-opens=java.base/java.util.concurrent.atomic=ALL-UNNAMED --add-opens=java.xml/javax.xml.namespace=ALL-UNNAMED -XX:MaxMetaspaceSize=512m -Xmx2048m -Dfile.encoding=UTF-8 -Duser.country=AE -Duser.language=en -Duser.variant -javaagent:C:\Users\Asad Ali\.gradle\wrapper\dists\gradle-8.14.3-bin\cv11ve7ro1n3o1j4so8xd9n66\gradle-8.14.3\lib\agents\gradle-instrumentation-agent-8.14.3.jar 
java_command: org.gradle.launcher.daemon.bootstrap.GradleDaemon 8.14.3
java_class_path (initial): C:\Users\Asad Ali\.gradle\wrapper\dists\gradle-8.14.3-bin\cv11ve7ro1n3o1j4so8xd9n66\gradle-8.14.3\lib\gradle-daemon-main-8.14.3.jar
Launcher Type: SUN_STANDARD

[Global flags]
     intx CICompilerCount                          = 4                                         {product} {ergonomic}
   size_t CompressedClassSpaceSize                 = 436207616                                 {product} {ergonomic}
     uint ConcGCThreads                            = 2                                         {product} {ergonomic}
     uint G1ConcRefinementThreads                  = 8                                         {product} {ergonomic}
   size_t G1HeapRegionSize                         = 1048576                                   {product} {ergonomic}
    uintx GCDrainStackTargetSize                   = 64                                        {product} {ergonomic}
   size_t InitialHeapSize                          = 130023424                                 {product} {ergonomic}
   size_t MarkStackSize                            = 4194304                                   {product} {ergonomic}
   size_t MaxHeapSize                              = 2147483648                                {product} {command line}
   size_t MaxMetaspaceSize                         = 536870912                                 {product} {command line}
   size_t MaxNewSize                               = 1287651328                                {product} {ergonomic}
   size_t MinHeapDeltaBytes                        = 1048576                                   {product} {ergonomic}
   size_t MinHeapSize                              = 8388608                                   {product} {ergonomic}
    uintx NonNMethodCodeHeapSize                   = 5839372                                {pd product} {ergonomic}
    uintx NonProfiledCodeHeapSize                  = 122909434                              {pd product} {ergonomic}
    uintx ProfiledCodeHeapSize                     = 122909434                              {pd product} {ergonomic}
    uintx ReservedCodeCacheSize                    = 251658240                              {pd product} {ergonomic}
     bool SegmentedCodeCache                       = true                                      {product} {ergonomic}
   size_t SoftMaxHeapSize                          = 2147483648                             {manageable} {ergonomic}
     bool UseCompressedOops                        = true                           {product lp64_product} {ergonomic}
     bool UseG1GC                                  = true                                      {product} {ergonomic}
     bool UseLargePagesIndividualAllocation        = false                                  {pd product} {ergonomic}

Logging:
Log output configuration:
 #0: stdout all=warning uptime,level,tags foldmultilines=false
 #1: stderr all=off uptime,level,tags foldmultilines=false

Environment Variables:
PATH=c:\Users\Asad Ali\AppData\Local\Programs\cursor\resources\app\bin;C:\Program Files (x86)\Microsoft\Edge\Application;C:\Program Files\Common Files\Oracle\Java\javapath;C:\Program Files (x86)\Common Files\Oracle\Java\java8path;C:\Program Files (x86)\Common Files\Oracle\Java\javapath;C:\Python312\Scripts\;C:\Python312\;C:\Program Files\Eclipse Adoptium\jre-21.0.5.11-hotspot\bin;C:\WINDOWS\system32;C:\WINDOWS;C:\WINDOWS\System32\Wbem;C:\WINDOWS\System32\WindowsPowerShell\v1.0\;C:\WINDOWS\System32\OpenSSH\;C:\Program Files\nodejs\;C:\ProgramData\chocolatey\bin;D:\flutter_windows_3.27.3-stable\flutter\bin;C:\Users\Asad Ali\AppData\Local\Programs\Python\Python313\Scripts\;C:\Users\Asad Ali\AppData\Local\Programs\Python\Python313\;C:\Users\Asad Ali\AppData\Local\Microsoft\WindowsApps;C:\Users\Asad Ali\AppData\Roaming\npm;C:\Users\Asad Ali\.cache\lm-studio\bin;C:\Users\Asad Ali\AppData\Local\Microsoft\WindowsApps;C:\Users\Asad Ali\AppData\Local\Programs\Ollama;c:\Users\Asad Ali\AppData\Local\Programs\cursor\resources;C:\Program Files\PostgreSQL\17\bin;C:\Program Files\Git\cmd;C:\Program Files\Docker\Docker\resources\bin;C:\Users\Asad Ali\AppData\Local\Programs\Python\Python313\Scripts\;C:\Users\Asad Ali\AppData\Local\Programs\Python\Python313\;C:\Users\Asad Ali\AppData\Local\Microsoft\WindowsApps;C:\Users\Asad Ali\AppData\Local\Programs\Microsoft VS Code\bin;C:\Users\Asad Ali\AppData\Roaming\npm;C:\Users\Asad Ali\.cache\lm-studio\bin;C:\Users\Asad Ali\AppData\Local\Microsoft\WindowsApps;;C:\Users\Asad Ali\AppData\Local\Programs\Ollama;C:\Users\Asad Ali\AppData\Local\Programs\cursor\resources\app\bin;C:\Users\Asad Ali\AppData\Local\PowerToys\DSCModules\;C:\Users\Asad Ali\AppData\Local\Programs\Antigravity\bin
USERNAME=Asad Ali
OS=Windows_NT
PROCESSOR_IDENTIFIER=Intel64 Family 6 Model 140 Stepping 1, GenuineIntel
TMP=C:\Users\Asad Ali\AppData\Local\Temp
TEMP=C:\Users\Asad Ali\AppData\Local\Temp




Periodic native trim disabled

---------------  S Y S T E M  ---------------

OS:
 Windows 11 , 64 bit Build 26100 (10.0.26100.7309)
OS uptime: 11 days 8:28 hours
Hyper-V role detected

CPU: total 8 (initial active 8) (4 cores per cpu, 2 threads per core) family 6 model 140 stepping 1 microcode 0xb4, cx8, cmov, fxsr, ht, mmx, 3dnowpref, sse, sse2, sse3, ssse3, sse4.1, sse4.2, popcnt, lzcnt, tsc, tscinvbit, avx, avx2, aes, erms, clmul, bmi1, bmi2, adx, avx512f, avx512dq, avx512cd, avx512bw, avx512vl, sha, fma, vzeroupper, avx512_vpopcntdq, avx512_vpclmulqdq, avx512_vaes, avx512_vnni, clflush, clflushopt, clwb, avx512_vbmi2, avx512_vbmi, hv, rdtscp, rdpid, fsrm, gfni, avx512_bitalg, f16c, cet_ibt, cet_ss, avx512_ifma
Processor Information for processor 0
  Max Mhz: 2701, Current Mhz: 2701, Mhz Limit: 2701
Processor Information for processor 1
  Max Mhz: 2701, Current Mhz: 1200, Mhz Limit: 2701
Processor Information for processor 2
  Max Mhz: 2701, Current Mhz: 2701, Mhz Limit: 2701
Processor Information for processor 3
  Max Mhz: 2701, Current Mhz: 2701, Mhz Limit: 2701
Processor Information for processor 4
  Max Mhz: 2701, Current Mhz: 2701, Mhz Limit: 2701
Processor Information for processor 5
  Max Mhz: 2701, Current Mhz: 1200, Mhz Limit: 2701
Processor Information for processor 6
  Max Mhz: 2701, Current Mhz: 2701, Mhz Limit: 2701
Processor Information for processor 7
  Max Mhz: 2701, Current Mhz: 2701, Mhz Limit: 2701

Memory: 4k page, system-wide physical 7834M (355M free)
TotalPageFile size 31386M (AvailPageFile size 16M)
current process WorkingSet (physical memory assigned to process): 644M, peak: 666M
current process commit charge ("private bytes"): 799M, peak: 917M

vm_info: OpenJDK 64-Bit Server VM (21.0.5+11-LTS) for windows-amd64 JRE (21.0.5+11-LTS), built on 2024-10-15T00:00:00Z by "admin" with MS VC++ 17.7 (VS2022)

END.
