#
# There is insufficient memory for the Java Runtime Environment to continue.
# Native memory allocation (mmap) failed to map 446693376 bytes. Error detail: G1 virtual space
# Possible reasons:
#   The system is out of physical RAM or swap space
#   This process is running with CompressedOops enabled, and the Java Heap may be blocking the growth of the native heap
# Possible solutions:
#   Reduce memory load on the system
#   Increase physical memory or swap space
#   Check if swap backing store is full
#   Decrease Java heap size (-Xmx/-Xms)
#   Decrease number of Java threads
#   Decrease Java thread stack sizes (-Xss)
#   Set larger code cache with -XX:ReservedCodeCacheSize=
#   JVM is running with Unscaled Compressed Oops mode in which the Java heap is
#     placed in the first 4GB address space. The Java Heap base address is the
#     maximum limit for the native heap growth. Please use -XX:HeapBaseMinAddress
#     to set the Java Heap base and to place the Java Heap above 4GB virtual address.
# This output file may be truncated or incomplete.
#
#  Out of Memory Error (os_windows.cpp:3616), pid=36592, tid=29244
#
# JRE version: OpenJDK Runtime Environment Temurin-21.0.5+11 (21.0.5+11) (build 21.0.5+11-LTS)
# Java VM: OpenJDK 64-Bit Server VM Temurin-21.0.5+11 (21.0.5+11-LTS, mixed mode, sharing, tiered, compressed oops, compressed class ptrs, g1 gc, windows-amd64)
# No core dump will be written. Minidumps are not enabled by default on client versions of Windows
#

---------------  S U M M A R Y ------------

Command Line: --add-opens=java.base/java.lang=ALL-UNNAMED --add-opens=java.base/java.lang.invoke=ALL-UNNAMED --add-opens=java.base/java.util=ALL-UNNAMED --add-opens=java.prefs/java.util.prefs=ALL-UNNAMED --add-exports=jdk.compiler/com.sun.tools.javac.api=ALL-UNNAMED --add-exports=jdk.compiler/com.sun.tools.javac.util=ALL-UNNAMED --add-opens=java.base/java.util=ALL-UNNAMED --add-opens=java.prefs/java.util.prefs=ALL-UNNAMED --add-opens=java.base/java.nio.charset=ALL-UNNAMED --add-opens=java.base/java.net=ALL-UNNAMED --add-opens=java.base/java.util.concurrent.atomic=ALL-UNNAMED --add-opens=java.xml/javax.xml.namespace=ALL-UNNAMED -XX:MaxMetaspaceSize=512m -Xmx2048m -Dfile.encoding=UTF-8 -Duser.country=AE -Duser.language=en -Duser.variant -javaagent:C:\Users\Asad Ali\.gradle\wrapper\dists\gradle-8.14.3-bin\cv11ve7ro1n3o1j4so8xd9n66\gradle-8.14.3\lib\agents\gradle-instrumentation-agent-8.14.3.jar org.gradle.launcher.daemon.bootstrap.GradleDaemon 8.14.3

Host: 11th Gen Intel(R) Core(TM) i7-1165G7 @ 2.80GHz, 8 cores, 7G,  Windows 11 , 64 bit Build 26100 (10.0.26100.7309)
Time: Sun Jan 18 19:04:12 2026 Arabian Standard Time elapsed time: 269.575559 seconds (0d 0h 4m 29s)

---------------  T H R E A D  ---------------

Current thread (0x000002072b7899a0):  VMThread "VM Thread"          [id=29244, stack(0x000000fde8600000,0x000000fde8700000) (1024K)]

Stack: [0x000000fde8600000,0x000000fde8700000]
Native frames: (J=compiled Java code, j=interpreted, Vv=VM code, C=native code)
V  [jvm.dll+0x6cd4e9]
V  [jvm.dll+0x8a7941]
V  [jvm.dll+0x8a9e6e]
V  [jvm.dll+0x8aa543]
V  [jvm.dll+0x27f6d6]
V  [jvm.dll+0x6c9c25]
V  [jvm.dll+0x6be84a]
V  [jvm.dll+0x355c6a]
V  [jvm.dll+0x35d836]
V  [jvm.dll+0x3af40e]
V  [jvm.dll+0x3af6b8]
V  [jvm.dll+0x329dfc]
V  [jvm.dll+0x329e87]
V  [jvm.dll+0x36dc4c]
V  [jvm.dll+0x36c498]
V  [jvm.dll+0x3295c1]
V  [jvm.dll+0x36bb0a]
V  [jvm.dll+0x8b025f]
V  [jvm.dll+0x8b15e4]
V  [jvm.dll+0x8b1b20]
V  [jvm.dll+0x8b1dc3]
V  [jvm.dll+0x8514fb]
V  [jvm.dll+0x6cbbed]
C  [ucrtbase.dll+0x37b0]
C  [KERNEL32.DLL+0x2e8d7]
C  [ntdll.dll+0x8c53c]

VM_Operation (0x000000fdf16fb100): G1CollectForAllocation, mode: safepoint, requested by thread 0x000002075e712a30


---------------  P R O C E S S  ---------------

Threads class SMR info:
_java_thread_list=0x000002075eb76f10, length=176, elements={
0x000002071125f3e0, 0x000002072b7aa720, 0x000002072b7ab370, 0x000002072b7b0370,
0x000002072b7b0eb0, 0x000002072b7b19f0, 0x000002072b7b2530, 0x000002072b7b33a0,
0x000002072b7bf950, 0x000002072b9c42a0, 0x000002072bac7d80, 0x000002074c7ac600,
0x000002074c507990, 0x000002074c555850, 0x000002074c7288b0, 0x000002074c728f10,
0x000002074c6d03e0, 0x000002074c896d20, 0x000002074c69bdc0, 0x000002074c548ad0,
0x000002074c549160, 0x000002074c545ce0, 0x000002074c548440, 0x000002074c546370,
0x000002074c546a00, 0x000002074c547090, 0x000002074c547720, 0x000002074c547db0,
0x000002074eb5dd60, 0x000002074eb5ea80, 0x000002074eb5f110, 0x000002074eb5e3f0,
0x000002074eb61870, 0x000002074eb5f7a0, 0x000002074eb63940, 0x000002074eb60b50,
0x000002074eb632b0, 0x000002074eb611e0, 0x000002074eb65380, 0x000002074eb63fd0,
0x000002074eb64660, 0x000002074b8a6570, 0x000002074b8a6c00, 0x000002074b8a7290,
0x000002074b8a7920, 0x000002074b8a51c0, 0x000002074b8a5ee0, 0x000002074b8a4b30,
0x000002074b8a8cd0, 0x000002074b8a5850, 0x000002074b8a99f0, 0x000002074b8ab430,
0x000002074b8a9360, 0x000002074b8aada0, 0x000002074b8aa710, 0x000002074b8abac0,
0x000002074b8aa080, 0x000002074f305fb0, 0x000002074f307360, 0x000002074f309430,
0x000002074f306640, 0x000002074f3079f0, 0x000002074f309ac0, 0x000002074f30a150,
0x000002074f308080, 0x000002074f306cd0, 0x000002074f30a7e0, 0x000002074f30ae70,
0x000002074f30b500, 0x000002074f308da0, 0x000002075e519e90, 0x000002075e51abb0,
0x000002075e752bf0, 0x000002075e753280, 0x000002075e751ed0, 0x000002075e750490,
0x000002075e7511b0, 0x000002075e74fe00, 0x000002075e753fa0, 0x000002075e754630,
0x000002075e753910, 0x000002075e758e60, 0x000002075e7559e0, 0x000002075e75a210,
0x000002075e75a8a0, 0x000002075e7594f0, 0x000002075e75af30, 0x000002075e75b5c0,
0x000002075e75d000, 0x000002075e75c970, 0x000002075e75bc50, 0x000002075e75c2e0,
0x000002075e759b80, 0x000002075e75d690, 0x000002075e75dd20, 0x000002075e75e3b0,
0x000002075e75ea40, 0x000002075e75f0d0, 0x000002075ece7450, 0x000002075ece7ae0,
0x000002075ece5380, 0x000002075ece4660, 0x000002075dec00d0, 0x000002075dec21a0,
0x000002075dec3550, 0x000002075dec0760, 0x000002075dec9130, 0x000002075dec5cb0,
0x000002075dec97c0, 0x000002075dec6340, 0x000002075decab70, 0x000002075decb200,
0x000002075decc5b0, 0x000002075decbf20, 0x000002075deccc40, 0x000002075decd960,
0x000002075decd2d0, 0x000002075deca4e0, 0x000002075dece680, 0x000002075decdff0,
0x000002075deced10, 0x000002075decb890, 0x000002075decf3a0, 0x000002075e712a30,
0x000002075e718ca0, 0x000002075e716bd0, 0x000002075e719330, 0x000002075e717260,
0x000002075e717f80, 0x000002075e7178f0, 0x000002075e716540, 0x000002075e718610,
0x000002075e7199c0, 0x000002075eceb5f0, 0x000002075ecebc80, 0x000002075ecea8d0,
0x000002075ece8800, 0x000002075ece8e90, 0x000002075ece9bb0, 0x000002075ece9520,
0x000002074ea16260, 0x000002074ea12de0, 0x000002075e51b8d0, 0x000002074eb5fe30,
0x000002075f28e300, 0x000002075f28fd40, 0x000002075f28d5e0, 0x000002075f28e990,
0x000002075f2924a0, 0x000002075f292b30, 0x000002075f28f6b0, 0x000002075f296cd0,
0x000002075f2979f0, 0x000002075f297360, 0x000002075f29c220, 0x000002075d641530,
0x000002075d645040, 0x000002075d7199c0, 0x000002075d718ca0, 0x000002075d71ba90,
0x000002075d71ad70, 0x000002075d71c7b0, 0x000002075d71a050, 0x000002075d71b400,
0x000002075d719330, 0x000002075d71d4d0, 0x000002075d71ce40, 0x000002075d637120,
0x000002075d6377b0, 0x000002075d6391f0, 0x000002075d63b2c0, 0x000002075d63b950,
0x000002075d63cd00, 0x000002075d63d390, 0x000002075d63bfe0, 0x000002075e4beec0
}

Java Threads: ( => current thread )
  0x000002071125f3e0 JavaThread "main"                              [_thread_blocked, id=37480, stack(0x000000fde7f00000,0x000000fde8000000) (1024K)]
  0x000002072b7aa720 JavaThread "Reference Handler"          daemon [_thread_blocked, id=24968, stack(0x000000fde8700000,0x000000fde8800000) (1024K)]
  0x000002072b7ab370 JavaThread "Finalizer"                  daemon [_thread_blocked, id=8888, stack(0x000000fde8800000,0x000000fde8900000) (1024K)]
  0x000002072b7b0370 JavaThread "Signal Dispatcher"          daemon [_thread_blocked, id=4388, stack(0x000000fde8900000,0x000000fde8a00000) (1024K)]
  0x000002072b7b0eb0 JavaThread "Attach Listener"            daemon [_thread_blocked, id=32440, stack(0x000000fde8a00000,0x000000fde8b00000) (1024K)]
  0x000002072b7b19f0 JavaThread "Service Thread"             daemon [_thread_blocked, id=36996, stack(0x000000fde8b00000,0x000000fde8c00000) (1024K)]
  0x000002072b7b2530 JavaThread "Monitor Deflation Thread"   daemon [_thread_blocked, id=34640, stack(0x000000fde8c00000,0x000000fde8d00000) (1024K)]
  0x000002072b7b33a0 JavaThread "C2 CompilerThread0"         daemon [_thread_blocked, id=22396, stack(0x000000fde8d00000,0x000000fde8e00000) (1024K)]
  0x000002072b7bf950 JavaThread "C1 CompilerThread0"         daemon [_thread_blocked, id=25928, stack(0x000000fde8e00000,0x000000fde8f00000) (1024K)]
  0x000002072b9c42a0 JavaThread "Common-Cleaner"             daemon [_thread_blocked, id=37044, stack(0x000000fde8f00000,0x000000fde9000000) (1024K)]
  0x000002072bac7d80 JavaThread "Notification Thread"        daemon [_thread_blocked, id=37728, stack(0x000000fde9000000,0x000000fde9100000) (1024K)]
  0x000002074c7ac600 JavaThread "Daemon health stats"               [_thread_blocked, id=37080, stack(0x000000fde9500000,0x000000fde9600000) (1024K)]
  0x000002074c507990 JavaThread "Incoming local TCP Connector on port 53511"        [_thread_in_native, id=35040, stack(0x000000fde9600000,0x000000fde9700000) (1024K)]
  0x000002074c555850 JavaThread "Daemon periodic checks"            [_thread_blocked, id=23004, stack(0x000000fde9700000,0x000000fde9800000) (1024K)]
  0x000002074c7288b0 JavaThread "Daemon"                            [_thread_blocked, id=33444, stack(0x000000fde9800000,0x000000fde9900000) (1024K)]
  0x000002074c728f10 JavaThread "Handler for socket connection from /127.0.0.1:53511 to /127.0.0.1:57161"        [_thread_in_native, id=24396, stack(0x000000fde9900000,0x000000fde9a00000) (1024K)]
  0x000002074c6d03e0 JavaThread "Cancel handler"                    [_thread_blocked, id=35172, stack(0x000000fde9a00000,0x000000fde9b00000) (1024K)]
  0x000002074c896d20 JavaThread "Daemon worker"                     [_thread_blocked, id=34736, stack(0x000000fde9b00000,0x000000fde9c00000) (1024K)]
  0x000002074c69bdc0 JavaThread "Asynchronous log dispatcher for DefaultDaemonConnection: socket connection from /127.0.0.1:53511 to /127.0.0.1:57161"        [_thread_blocked, id=37880, stack(0x000000fde9c00000,0x000000fde9d00000) (1024K)]
  0x000002074c548ad0 JavaThread "Stdin handler"                     [_thread_blocked, id=36496, stack(0x000000fde9d00000,0x000000fde9e00000) (1024K)]
  0x000002074c549160 JavaThread "Daemon client event forwarder"        [_thread_blocked, id=16296, stack(0x000000fde9e00000,0x000000fde9f00000) (1024K)]
  0x000002074c545ce0 JavaThread "Cache worker for journal cache (C:\Users\Asad Ali\.gradle\caches\journal-1)"        [_thread_blocked, id=30812, stack(0x000000fde9f00000,0x000000fdea000000) (1024K)]
  0x000002074c548440 JavaThread "File lock request listener"        [_thread_in_native, id=34928, stack(0x000000fdea000000,0x000000fdea100000) (1024K)]
  0x000002074c546370 JavaThread "Cache worker for file hash cache (C:\Users\Asad Ali\.gradle\caches\8.14.3\fileHashes)"        [_thread_blocked, id=35780, stack(0x000000fdea100000,0x000000fdea200000) (1024K)]
  0x000002074c546a00 JavaThread "Cache worker for file hash cache (D:\MY APPS\sleep app version 2.1\a0-project\android\.gradle\8.14.3\fileHashes)"        [_thread_blocked, id=30612, stack(0x000000fdea600000,0x000000fdea700000) (1024K)]
  0x000002074c547090 JavaThread "Cache worker for Build Output Cleanup Cache (D:\MY APPS\sleep app version 2.1\a0-project\android\.gradle\buildOutputCleanup)"        [_thread_blocked, id=37424, stack(0x000000fdea700000,0x000000fdea800000) (1024K)]
  0x000002074c547720 JavaThread "File watcher server"        daemon [_thread_in_native, id=25432, stack(0x000000fdea800000,0x000000fdea900000) (1024K)]
  0x000002074c547db0 JavaThread "File watcher consumer"      daemon [_thread_blocked, id=31412, stack(0x000000fdea900000,0x000000fdeaa00000) (1024K)]
  0x000002074eb5dd60 JavaThread "jar transforms"                    [_thread_blocked, id=21864, stack(0x000000fdeaa00000,0x000000fdeab00000) (1024K)]
  0x000002074eb5ea80 JavaThread "jar transforms Thread 2"           [_thread_blocked, id=7872, stack(0x000000fdeab00000,0x000000fdeac00000) (1024K)]
  0x000002074eb5f110 JavaThread "jar transforms Thread 3"           [_thread_blocked, id=27128, stack(0x000000fdeac00000,0x000000fdead00000) (1024K)]
  0x000002074eb5e3f0 JavaThread "jar transforms Thread 4"           [_thread_blocked, id=27204, stack(0x000000fdeae00000,0x000000fdeaf00000) (1024K)]
  0x000002074eb61870 JavaThread "jar transforms Thread 5"           [_thread_blocked, id=36520, stack(0x000000fdeaf00000,0x000000fdeb000000) (1024K)]
  0x000002074eb5f7a0 JavaThread "Cache worker for checksums cache (D:\MY APPS\sleep app version 2.1\a0-project\android\.gradle\8.14.3\checksums)"        [_thread_blocked, id=21020, stack(0x000000fdeb000000,0x000000fdeb100000) (1024K)]
  0x000002074eb63940 JavaThread "Cache worker for file content cache (C:\Users\Asad Ali\.gradle\caches\8.14.3\fileContent)"        [_thread_blocked, id=32416, stack(0x000000fdeb100000,0x000000fdeb200000) (1024K)]
  0x000002074eb60b50 JavaThread "jar transforms Thread 6"           [_thread_blocked, id=19460, stack(0x000000fdeb200000,0x000000fdeb300000) (1024K)]
  0x000002074eb632b0 JavaThread "jar transforms Thread 7"           [_thread_blocked, id=29308, stack(0x000000fdeb300000,0x000000fdeb400000) (1024K)]
  0x000002074eb611e0 JavaThread "jar transforms Thread 8"           [_thread_blocked, id=29416, stack(0x000000fdeb400000,0x000000fdeb500000) (1024K)]
  0x000002074eb65380 JavaThread "Cache worker for cache directory md-supplier (C:\Users\Asad Ali\.gradle\caches\8.14.3\md-supplier)"        [_thread_blocked, id=4460, stack(0x000000fdeb800000,0x000000fdeb900000) (1024K)]
  0x000002074eb63fd0 JavaThread "Cache worker for cache directory md-rule (C:\Users\Asad Ali\.gradle\caches\8.14.3\md-rule)"        [_thread_blocked, id=16048, stack(0x000000fdeb900000,0x000000fdeba00000) (1024K)]
  0x000002074eb64660 JavaThread "Cache worker for Build Output Cleanup Cache (D:\MY APPS\sleep app version 2.1\a0-project\node_modules\@react-native\gradle-plugin\.gradle\buildOutputCleanup)"        [_thread_blocked, id=5976, stack(0x000000fdeba00000,0x000000fdebb00000) (1024K)]
  0x000002074b8a6570 JavaThread "Unconstrained build operations"        [_thread_blocked, id=23068, stack(0x000000fdead00000,0x000000fdeae00000) (1024K)]
  0x000002074b8a6c00 JavaThread "Unconstrained build operations Thread 2"        [_thread_blocked, id=37568, stack(0x000000fdebc00000,0x000000fdebd00000) (1024K)]
  0x000002074b8a7290 JavaThread "Unconstrained build operations Thread 3"        [_thread_blocked, id=34296, stack(0x000000fdebd00000,0x000000fdebe00000) (1024K)]
  0x000002074b8a7920 JavaThread "Unconstrained build operations Thread 4"        [_thread_blocked, id=24012, stack(0x000000fdebe00000,0x000000fdebf00000) (1024K)]
  0x000002074b8a51c0 JavaThread "Unconstrained build operations Thread 5"        [_thread_blocked, id=17660, stack(0x000000fdebf00000,0x000000fdec000000) (1024K)]
  0x000002074b8a5ee0 JavaThread "Unconstrained build operations Thread 6"        [_thread_blocked, id=33948, stack(0x000000fdec000000,0x000000fdec100000) (1024K)]
  0x000002074b8a4b30 JavaThread "Cache worker for Build Output Cleanup Cache (D:\MY APPS\sleep app version 2.1\a0-project\node_modules\expo-modules-autolinking\android\expo-gradle-plugin\.gradle\buildOutputCleanup)"        [_thread_blocked, id=35580, stack(0x000000fdec100000,0x000000fdec200000) (1024K)]
  0x000002074b8a8cd0 JavaThread "Unconstrained build operations Thread 7"        [_thread_blocked, id=12448, stack(0x000000fdec200000,0x000000fdec300000) (1024K)]
  0x000002074b8a5850 JavaThread "Unconstrained build operations Thread 8"        [_thread_blocked, id=36876, stack(0x000000fdec300000,0x000000fdec400000) (1024K)]
  0x000002074b8a99f0 JavaThread "Unconstrained build operations Thread 9"        [_thread_blocked, id=21372, stack(0x000000fdec400000,0x000000fdec500000) (1024K)]
  0x000002074b8ab430 JavaThread "Unconstrained build operations Thread 10"        [_thread_blocked, id=18488, stack(0x000000fdec500000,0x000000fdec600000) (1024K)]
  0x000002074b8a9360 JavaThread "Unconstrained build operations Thread 11"        [_thread_blocked, id=28176, stack(0x000000fdec600000,0x000000fdec700000) (1024K)]
  0x000002074b8aada0 JavaThread "Unconstrained build operations Thread 12"        [_thread_blocked, id=11308, stack(0x000000fdec700000,0x000000fdec800000) (1024K)]
  0x000002074b8aa710 JavaThread "Unconstrained build operations Thread 13"        [_thread_blocked, id=25028, stack(0x000000fdec800000,0x000000fdec900000) (1024K)]
  0x000002074b8abac0 JavaThread "Unconstrained build operations Thread 14"        [_thread_blocked, id=27840, stack(0x000000fdec900000,0x000000fdeca00000) (1024K)]
  0x000002074b8aa080 JavaThread "Unconstrained build operations Thread 15"        [_thread_blocked, id=28348, stack(0x000000fdeca00000,0x000000fdecb00000) (1024K)]
  0x000002074f305fb0 JavaThread "Unconstrained build operations Thread 16"        [_thread_blocked, id=17932, stack(0x000000fdecb00000,0x000000fdecc00000) (1024K)]
  0x000002074f307360 JavaThread "Unconstrained build operations Thread 17"        [_thread_blocked, id=11744, stack(0x000000fdecc00000,0x000000fdecd00000) (1024K)]
  0x000002074f309430 JavaThread "Unconstrained build operations Thread 18"        [_thread_blocked, id=30636, stack(0x000000fdecd00000,0x000000fdece00000) (1024K)]
  0x000002074f306640 JavaThread "Unconstrained build operations Thread 19"        [_thread_blocked, id=32976, stack(0x000000fdece00000,0x000000fdecf00000) (1024K)]
  0x000002074f3079f0 JavaThread "Unconstrained build operations Thread 20"        [_thread_blocked, id=37084, stack(0x000000fdecf00000,0x000000fded000000) (1024K)]
  0x000002074f309ac0 JavaThread "Unconstrained build operations Thread 21"        [_thread_blocked, id=4268, stack(0x000000fded100000,0x000000fded200000) (1024K)]
  0x000002074f30a150 JavaThread "Unconstrained build operations Thread 22"        [_thread_blocked, id=32276, stack(0x000000fded200000,0x000000fded300000) (1024K)]
  0x000002074f308080 JavaThread "Unconstrained build operations Thread 23"        [_thread_blocked, id=18624, stack(0x000000fded300000,0x000000fded400000) (1024K)]
  0x000002074f306cd0 JavaThread "Unconstrained build operations Thread 24"        [_thread_blocked, id=32576, stack(0x000000fded400000,0x000000fded500000) (1024K)]
  0x000002074f30a7e0 JavaThread "Unconstrained build operations Thread 25"        [_thread_blocked, id=21640, stack(0x000000fded500000,0x000000fded600000) (1024K)]
  0x000002074f30ae70 JavaThread "Unconstrained build operations Thread 26"        [_thread_blocked, id=32220, stack(0x000000fded600000,0x000000fded700000) (1024K)]
  0x000002074f30b500 JavaThread "Unconstrained build operations Thread 27"        [_thread_blocked, id=16840, stack(0x000000fded700000,0x000000fded800000) (1024K)]
  0x000002074f308da0 JavaThread "Kotlin DSL Writer"                 [_thread_blocked, id=28660, stack(0x000000fded800000,0x000000fded900000) (1024K)]
  0x000002075e519e90 JavaThread "build event listener"              [_thread_blocked, id=15484, stack(0x000000fded900000,0x000000fdeda00000) (1024K)]
  0x000002075e51abb0 JavaThread "Memory manager"                    [_thread_blocked, id=28676, stack(0x000000fdeda00000,0x000000fdedb00000) (1024K)]
  0x000002075e752bf0 JavaThread "Unconstrained build operations Thread 28"        [_thread_blocked, id=29564, stack(0x000000fded000000,0x000000fded100000) (1024K)]
  0x000002075e753280 JavaThread "Unconstrained build operations Thread 29"        [_thread_blocked, id=19252, stack(0x000000fdedb00000,0x000000fdedc00000) (1024K)]
  0x000002075e751ed0 JavaThread "Unconstrained build operations Thread 30"        [_thread_blocked, id=30004, stack(0x000000fdedc00000,0x000000fdedd00000) (1024K)]
  0x000002075e750490 JavaThread "Unconstrained build operations Thread 31"        [_thread_blocked, id=19948, stack(0x000000fdedd00000,0x000000fdede00000) (1024K)]
  0x000002075e7511b0 JavaThread "Unconstrained build operations Thread 32"        [_thread_blocked, id=28700, stack(0x000000fdede00000,0x000000fdedf00000) (1024K)]
  0x000002075e74fe00 JavaThread "Unconstrained build operations Thread 33"        [_thread_blocked, id=30940, stack(0x000000fdedf00000,0x000000fdee000000) (1024K)]
  0x000002075e753fa0 JavaThread "Unconstrained build operations Thread 34"        [_thread_blocked, id=33672, stack(0x000000fdee000000,0x000000fdee100000) (1024K)]
  0x000002075e754630 JavaThread "build event listener"              [_thread_blocked, id=15208, stack(0x000000fdee100000,0x000000fdee200000) (1024K)]
  0x000002075e753910 JavaThread "Kotlin DSL Writer"                 [_thread_blocked, id=33048, stack(0x000000fde7d00000,0x000000fde7e00000) (1024K)]
  0x000002075e758e60 JavaThread "Unconstrained build operations Thread 35"        [_thread_blocked, id=30372, stack(0x000000fdee500000,0x000000fdee600000) (1024K)]
  0x000002075e7559e0 JavaThread "Unconstrained build operations Thread 36"        [_thread_blocked, id=33856, stack(0x000000fdee600000,0x000000fdee700000) (1024K)]
  0x000002075e75a210 JavaThread "Unconstrained build operations Thread 37"        [_thread_blocked, id=15568, stack(0x000000fdee700000,0x000000fdee800000) (1024K)]
  0x000002075e75a8a0 JavaThread "Unconstrained build operations Thread 38"        [_thread_blocked, id=27004, stack(0x000000fdee800000,0x000000fdee900000) (1024K)]
  0x000002075e7594f0 JavaThread "Unconstrained build operations Thread 39"        [_thread_blocked, id=33972, stack(0x000000fdee900000,0x000000fdeea00000) (1024K)]
  0x000002075e75af30 JavaThread "Unconstrained build operations Thread 40"        [_thread_blocked, id=23544, stack(0x000000fdeea00000,0x000000fdeeb00000) (1024K)]
  0x000002075e75b5c0 JavaThread "Unconstrained build operations Thread 41"        [_thread_blocked, id=34280, stack(0x000000fdeeb00000,0x000000fdeec00000) (1024K)]
  0x000002075e75d000 JavaThread "Unconstrained build operations Thread 42"        [_thread_blocked, id=29192, stack(0x000000fdeec00000,0x000000fdeed00000) (1024K)]
  0x000002075e75c970 JavaThread "Unconstrained build operations Thread 43"        [_thread_blocked, id=36656, stack(0x000000fdeed00000,0x000000fdeee00000) (1024K)]
  0x000002075e75bc50 JavaThread "Unconstrained build operations Thread 44"        [_thread_blocked, id=37504, stack(0x000000fdeee00000,0x000000fdeef00000) (1024K)]
  0x000002075e75c2e0 JavaThread "Unconstrained build operations Thread 45"        [_thread_blocked, id=2436, stack(0x000000fdeef00000,0x000000fdef000000) (1024K)]
  0x000002075e759b80 JavaThread "Unconstrained build operations Thread 46"        [_thread_blocked, id=7336, stack(0x000000fdef000000,0x000000fdef100000) (1024K)]
  0x000002075e75d690 JavaThread "Unconstrained build operations Thread 47"        [_thread_blocked, id=19996, stack(0x000000fdef100000,0x000000fdef200000) (1024K)]
  0x000002075e75dd20 JavaThread "Unconstrained build operations Thread 48"        [_thread_blocked, id=24196, stack(0x000000fdef200000,0x000000fdef300000) (1024K)]
  0x000002075e75e3b0 JavaThread "Unconstrained build operations Thread 49"        [_thread_blocked, id=12368, stack(0x000000fdef300000,0x000000fdef400000) (1024K)]
  0x000002075e75ea40 JavaThread "Unconstrained build operations Thread 50"        [_thread_blocked, id=24812, stack(0x000000fdef400000,0x000000fdef500000) (1024K)]
  0x000002075e75f0d0 JavaThread "Unconstrained build operations Thread 51"        [_thread_blocked, id=13824, stack(0x000000fdef500000,0x000000fdef600000) (1024K)]
  0x000002075ece7450 JavaThread "Unconstrained build operations Thread 52"        [_thread_blocked, id=24880, stack(0x000000fdef600000,0x000000fdef700000) (1024K)]
  0x000002075ece7ae0 JavaThread "Unconstrained build operations Thread 53"        [_thread_blocked, id=16856, stack(0x000000fdef700000,0x000000fdef800000) (1024K)]
  0x000002075ece5380 JavaThread "Unconstrained build operations Thread 54"        [_thread_blocked, id=3844, stack(0x000000fdef800000,0x000000fdef900000) (1024K)]
  0x000002075ece4660 JavaThread "Unconstrained build operations Thread 55"        [_thread_blocked, id=30684, stack(0x000000fdef900000,0x000000fdefa00000) (1024K)]
  0x000002075dec00d0 JavaThread "ForkJoinPool.commonPool-worker-1" daemon [_thread_blocked, id=17516, stack(0x000000fdee400000,0x000000fdee500000) (1024K)]
  0x000002075dec21a0 JavaThread "ForkJoinPool.commonPool-worker-2" daemon [_thread_blocked, id=33104, stack(0x000000fdefa00000,0x000000fdefb00000) (1024K)]
  0x000002075dec3550 JavaThread "ForkJoinPool.commonPool-worker-4" daemon [_thread_blocked, id=17108, stack(0x000000fdefc00000,0x000000fdefd00000) (1024K)]
  0x000002075dec0760 JavaThread "ForkJoinPool.commonPool-worker-7" daemon [_thread_blocked, id=9040, stack(0x000000fdeff00000,0x000000fdf0000000) (1024K)]
  0x000002075dec9130 JavaThread "Execution worker"                  [_thread_blocked, id=24924, stack(0x000000fdf0500000,0x000000fdf0600000) (1024K)]
  0x000002075dec5cb0 JavaThread "Execution worker Thread 2"         [_thread_blocked, id=20380, stack(0x000000fdf0600000,0x000000fdf0700000) (1024K)]
  0x000002075dec97c0 JavaThread "Execution worker Thread 3"         [_thread_blocked, id=24192, stack(0x000000fdf0700000,0x000000fdf0800000) (1024K)]
  0x000002075dec6340 JavaThread "Execution worker Thread 4"         [_thread_blocked, id=33716, stack(0x000000fdf0800000,0x000000fdf0900000) (1024K)]
  0x000002075decab70 JavaThread "Execution worker Thread 5"         [_thread_blocked, id=12112, stack(0x000000fdf0900000,0x000000fdf0a00000) (1024K)]
  0x000002075decb200 JavaThread "Execution worker Thread 6"         [_thread_blocked, id=28088, stack(0x000000fdf0a00000,0x000000fdf0b00000) (1024K)]
  0x000002075decc5b0 JavaThread "Execution worker Thread 7"         [_thread_blocked, id=37312, stack(0x000000fdf0b00000,0x000000fdf0c00000) (1024K)]
  0x000002075decbf20 JavaThread "Cache worker for execution history cache (D:\MY APPS\sleep app version 2.1\a0-project\node_modules\@react-native\gradle-plugin\.gradle\8.14.3\executionHistory)"        [_thread_blocked, id=14652, stack(0x000000fdf0c00000,0x000000fdf0d00000) (1024K)]
  0x000002075deccc40 JavaThread "Cache worker for execution history cache (D:\MY APPS\sleep app version 2.1\a0-project\node_modules\expo-modules-autolinking\android\expo-gradle-plugin\.gradle\8.14.3\executionHistory)"        [_thread_blocked, id=12604, stack(0x000000fdf0d00000,0x000000fdf0e00000) (1024K)]
  0x000002075decd960 JavaThread "Unconstrained build operations Thread 56"        [_thread_blocked, id=24992, stack(0x000000fdf0e00000,0x000000fdf0f00000) (1024K)]
  0x000002075decd2d0 JavaThread "Unconstrained build operations Thread 57"        [_thread_blocked, id=13404, stack(0x000000fdf0f00000,0x000000fdf1000000) (1024K)]
  0x000002075deca4e0 JavaThread "Unconstrained build operations Thread 58"        [_thread_blocked, id=30340, stack(0x000000fdf1000000,0x000000fdf1100000) (1024K)]
  0x000002075dece680 JavaThread "Unconstrained build operations Thread 59"        [_thread_blocked, id=17532, stack(0x000000fdf1100000,0x000000fdf1200000) (1024K)]
  0x000002075decdff0 JavaThread "Unconstrained build operations Thread 60"        [_thread_blocked, id=30444, stack(0x000000fdf1200000,0x000000fdf1300000) (1024K)]
  0x000002075deced10 JavaThread "Unconstrained build operations Thread 61"        [_thread_blocked, id=37436, stack(0x000000fdf1300000,0x000000fdf1400000) (1024K)]
  0x000002075decb890 JavaThread "Unconstrained build operations Thread 62"        [_thread_blocked, id=33252, stack(0x000000fdf1400000,0x000000fdf1500000) (1024K)]
  0x000002075decf3a0 JavaThread "Unconstrained build operations Thread 63"        [_thread_blocked, id=37840, stack(0x000000fdf1500000,0x000000fdf1600000) (1024K)]
  0x000002075e712a30 JavaThread "Unconstrained build operations Thread 64"        [_thread_blocked, id=25632, stack(0x000000fdf1600000,0x000000fdf1700000) (1024K)]
  0x000002075e718ca0 JavaThread "Unconstrained build operations Thread 65"        [_thread_blocked, id=8688, stack(0x000000fdf1700000,0x000000fdf1800000) (1024K)]
  0x000002075e716bd0 JavaThread "Unconstrained build operations Thread 66"        [_thread_blocked, id=32288, stack(0x000000fdf1800000,0x000000fdf1900000) (1024K)]
  0x000002075e719330 JavaThread "Unconstrained build operations Thread 67"        [_thread_blocked, id=34160, stack(0x000000fdf1900000,0x000000fdf1a00000) (1024K)]
  0x000002075e717260 JavaThread "Unconstrained build operations Thread 68"        [_thread_blocked, id=25672, stack(0x000000fdf1a00000,0x000000fdf1b00000) (1024K)]
  0x000002075e717f80 JavaThread "Unconstrained build operations Thread 69"        [_thread_blocked, id=34700, stack(0x000000fdf1b00000,0x000000fdf1c00000) (1024K)]
  0x000002075e7178f0 JavaThread "Unconstrained build operations Thread 70"        [_thread_blocked, id=32748, stack(0x000000fdf1c00000,0x000000fdf1d00000) (1024K)]
  0x000002075e716540 JavaThread "Unconstrained build operations Thread 71"        [_thread_blocked, id=10008, stack(0x000000fdf1d00000,0x000000fdf1e00000) (1024K)]
  0x000002075e718610 JavaThread "Unconstrained build operations Thread 72"        [_thread_blocked, id=35056, stack(0x000000fdf1e00000,0x000000fdf1f00000) (1024K)]
  0x000002075e7199c0 JavaThread "Unconstrained build operations Thread 73"        [_thread_blocked, id=27736, stack(0x000000fdf1f00000,0x000000fdf2000000) (1024K)]
  0x000002075eceb5f0 JavaThread "Unconstrained build operations Thread 74"        [_thread_blocked, id=4884, stack(0x000000fdf2000000,0x000000fdf2100000) (1024K)]
  0x000002075ecebc80 JavaThread "Unconstrained build operations Thread 75"        [_thread_blocked, id=29844, stack(0x000000fdf2100000,0x000000fdf2200000) (1024K)]
  0x000002075ecea8d0 JavaThread "Unconstrained build operations Thread 76"        [_thread_blocked, id=36944, stack(0x000000fdf2200000,0x000000fdf2300000) (1024K)]
  0x000002075ece8800 JavaThread "Unconstrained build operations Thread 77"        [_thread_blocked, id=22408, stack(0x000000fdf2300000,0x000000fdf2400000) (1024K)]
  0x000002075ece8e90 JavaThread "Unconstrained build operations Thread 78"        [_thread_blocked, id=31012, stack(0x000000fdf2400000,0x000000fdf2500000) (1024K)]
  0x000002075ece9bb0 JavaThread "Unconstrained build operations Thread 79"        [_thread_blocked, id=19508, stack(0x000000fdf2500000,0x000000fdf2600000) (1024K)]
  0x000002075ece9520 JavaThread "Unconstrained build operations Thread 80"        [_thread_blocked, id=10384, stack(0x000000fdf2600000,0x000000fdf2700000) (1024K)]
  0x000002074ea16260 JavaThread "WorkerExecutor Queue"              [_thread_blocked, id=32168, stack(0x000000fdf2800000,0x000000fdf2900000) (1024K)]
  0x000002074ea12de0 JavaThread "WorkerExecutor Queue Thread 2"        [_thread_blocked, id=36144, stack(0x000000fdf2900000,0x000000fdf2a00000) (1024K)]
  0x000002075e51b8d0 JavaThread "RMI Scheduler(0)"           daemon [_thread_blocked, id=3100, stack(0x000000fde7c00000,0x000000fde7d00000) (1024K)]
  0x000002074eb5fe30 JavaThread "RMI GC Daemon"              daemon [_thread_blocked, id=21192, stack(0x000000fdf2700000,0x000000fdf2800000) (1024K)]
  0x000002075f28e300 JavaThread "RMI TCP Accept-0"           daemon [_thread_in_native, id=17824, stack(0x000000fdf2d00000,0x000000fdf2e00000) (1024K)]
  0x000002075f28fd40 JavaThread "RMI Reaper"                        [_thread_blocked, id=23084, stack(0x000000fdf2e00000,0x000000fdf2f00000) (1024K)]
  0x000002075f28d5e0 JavaThread "RMI TCP Accept-0"           daemon [_thread_in_native, id=34920, stack(0x000000fdf2f00000,0x000000fdf3000000) (1024K)]
  0x000002075f28e990 JavaThread "WorkerExecutor Queue Thread 3"        [_thread_blocked, id=10676, stack(0x000000fdeb500000,0x000000fdeb600000) (1024K)]
  0x000002075f2924a0 JavaThread "WorkerExecutor Queue Thread 4"        [_thread_blocked, id=14100, stack(0x000000fdeb600000,0x000000fdeb700000) (1024K)]
  0x000002075f292b30 JavaThread "Cache worker for Build Output Cleanup Cache (D:\MY APPS\sleep app version 2.1\a0-project\node_modules\expo-dev-launcher\expo-dev-launcher-gradle-plugin\.gradle\buildOutputCleanup)"        [_thread_blocked, id=33264, stack(0x000000fdeb700000,0x000000fdeb800000) (1024K)]
  0x000002075f28f6b0 JavaThread "Cache worker for Build Output Cleanup Cache (D:\MY APPS\sleep app version 2.1\a0-project\node_modules\expo-modules-core\expo-module-gradle-plugin\.gradle\buildOutputCleanup)"        [_thread_blocked, id=37184, stack(0x000000fdefe00000,0x000000fdeff00000) (1024K)]
  0x000002075f296cd0 JavaThread "Cache worker for Build Output Cleanup Cache (D:\MY APPS\sleep app version 2.1\a0-project\node_modules\expo-updates\expo-updates-gradle-plugin\.gradle\buildOutputCleanup)"        [_thread_blocked, id=16060, stack(0x000000fdf0000000,0x000000fdf0100000) (1024K)]
  0x000002075f2979f0 JavaThread "build event listener"              [_thread_blocked, id=12068, stack(0x000000fdf0100000,0x000000fdf0200000) (1024K)]
  0x000002075f297360 JavaThread "Kotlin DSL Writer"                 [_thread_blocked, id=27012, stack(0x000000fdf0200000,0x000000fdf0300000) (1024K)]
  0x000002075f29c220 JavaThread "build event listener"              [_thread_blocked, id=33832, stack(0x000000fdf3000000,0x000000fdf3100000) (1024K)]
  0x000002075d641530 JavaThread "build event listener"              [_thread_blocked, id=25644, stack(0x000000fdee200000,0x000000fdee300000) (1024K)]
  0x000002075d645040 JavaThread "Kotlin DSL Writer"                 [_thread_blocked, id=30956, stack(0x000000fdee300000,0x000000fdee400000) (1024K)]
  0x000002075d7199c0 JavaThread "included builds Thread 3"          [_thread_blocked, id=33052, stack(0x000000fde7e00000,0x000000fde7f00000) (1024K)]
  0x000002075d718ca0 JavaThread "included builds Thread 4"          [_thread_blocked, id=37576, stack(0x000000fdefd00000,0x000000fdefe00000) (1024K)]
  0x000002075d71ba90 JavaThread "included builds Thread 5"          [_thread_blocked, id=9332, stack(0x000000fdf0300000,0x000000fdf0400000) (1024K)]
  0x000002075d71ad70 JavaThread "included builds Thread 6"          [_thread_blocked, id=26940, stack(0x000000fdf0400000,0x000000fdf0500000) (1024K)]
  0x000002075d71c7b0 JavaThread "included builds Thread 7"          [_thread_blocked, id=28256, stack(0x000000fdf2a00000,0x000000fdf2b00000) (1024K)]
  0x000002075d71a050 JavaThread "Cache worker for execution history cache (D:\MY APPS\sleep app version 2.1\a0-project\node_modules\expo-modules-core\expo-module-gradle-plugin\.gradle\8.14.3\executionHistory)"        [_thread_blocked, id=30164, stack(0x000000fdf2b00000,0x000000fdf2c00000) (1024K)]
  0x000002075d71b400 JavaThread "Cache worker for execution history cache (D:\MY APPS\sleep app version 2.1\a0-project\node_modules\expo-dev-launcher\expo-dev-launcher-gradle-plugin\.gradle\8.14.3\executionHistory)"        [_thread_blocked, id=22860, stack(0x000000fdf2c00000,0x000000fdf2d00000) (1024K)]
  0x000002075d719330 JavaThread "Cache worker for execution history cache (D:\MY APPS\sleep app version 2.1\a0-project\node_modules\expo-updates\expo-updates-gradle-plugin\.gradle\8.14.3\executionHistory)"        [_thread_blocked, id=22804, stack(0x000000fdf3100000,0x000000fdf3200000) (1024K)]
  0x000002075d71d4d0 JavaThread "WorkerExecutor Queue Thread 5"        [_thread_blocked, id=32364, stack(0x000000fdf3200000,0x000000fdf3300000) (1024K)]
  0x000002075d71ce40 JavaThread "RMI TCP Connection(idle)"   daemon [_thread_blocked, id=22172, stack(0x000000fdf3400000,0x000000fdf3500000) (1024K)]
  0x000002075d637120 JavaThread "WorkerExecutor Queue Thread 6"        [_thread_blocked, id=36964, stack(0x000000fdf3500000,0x000000fdf3600000) (1024K)]
  0x000002075d6377b0 JavaThread "RMI TCP Connection(idle)"   daemon [_thread_blocked, id=29596, stack(0x000000fdf3700000,0x000000fdf3800000) (1024K)]
  0x000002075d6391f0 JavaThread "RMI TCP Connection(idle)"   daemon [_thread_blocked, id=18732, stack(0x000000fdefb00000,0x000000fdefc00000) (1024K)]
  0x000002075d63b2c0 JavaThread "RMI TCP Connection(13)-127.0.0.1" daemon [_thread_in_native, id=29520, stack(0x000000fdf3a00000,0x000000fdf3b00000) (1024K)]
  0x000002075d63b950 JavaThread "WorkerExecutor Queue Thread 7"        [_thread_blocked, id=34348, stack(0x000000fdf3300000,0x000000fdf3400000) (1024K)]
  0x000002075d63cd00 JavaThread "WorkerExecutor Queue Thread 8"        [_thread_blocked, id=27732, stack(0x000000fdf3600000,0x000000fdf3700000) (1024K)]
  0x000002075d63d390 JavaThread "RMI TCP Connection(14)-127.0.0.1" daemon [_thread_in_native, id=27860, stack(0x000000fdf3d00000,0x000000fdf3e00000) (1024K)]
  0x000002075d63bfe0 JavaThread "RMI TCP Connection(15)-127.0.0.1" daemon [_thread_in_native, id=34220, stack(0x000000fdf3e00000,0x000000fdf3f00000) (1024K)]
  0x000002075e4beec0 JavaThread "C2 CompilerThread1"         daemon [_thread_blocked, id=34996, stack(0x000000fdf3b00000,0x000000fdf3c00000) (1024K)]
Total: 176

Other Threads:
=>0x000002072b7899a0 VMThread "VM Thread"                           [id=29244, stack(0x000000fde8600000,0x000000fde8700000) (1024K)]
  0x000002072b779320 WatcherThread "VM Periodic Task Thread"        [id=35500, stack(0x000000fde8500000,0x000000fde8600000) (1024K)]
  0x00000207112b9520 WorkerThread "GC Thread#0"                     [id=34780, stack(0x000000fde8000000,0x000000fde8100000) (1024K)]
  0x000002072bacbf80 WorkerThread "GC Thread#1"                     [id=36692, stack(0x000000fde9100000,0x000000fde9200000) (1024K)]
  0x000002074b007950 WorkerThread "GC Thread#2"                     [id=32920, stack(0x000000fde9200000,0x000000fde9300000) (1024K)]
  0x000002074b71e8c0 WorkerThread "GC Thread#3"                     [id=7176, stack(0x000000fde9300000,0x000000fde9400000) (1024K)]
  0x000002074b742830 WorkerThread "GC Thread#4"                     [id=4944, stack(0x000000fde9400000,0x000000fde9500000) (1024K)]
  0x000002074e835ee0 WorkerThread "GC Thread#5"                     [id=37116, stack(0x000000fdea200000,0x000000fdea300000) (1024K)]
  0x000002074e836280 WorkerThread "GC Thread#6"                     [id=30136, stack(0x000000fdea300000,0x000000fdea400000) (1024K)]
  0x000002074e836620 WorkerThread "GC Thread#7"                     [id=7352, stack(0x000000fdea400000,0x000000fdea500000) (1024K)]
  0x00000207112cc390 ConcurrentGCThread "G1 Main Marker"            [id=21760, stack(0x000000fde8100000,0x000000fde8200000) (1024K)]
  0x00000207112cce90 WorkerThread "G1 Conc#0"                       [id=33316, stack(0x000000fde8200000,0x000000fde8300000) (1024K)]
  0x000002074e835400 WorkerThread "G1 Conc#1"                       [id=11108, stack(0x000000fdea500000,0x000000fdea600000) (1024K)]
  0x000002072b645cc0 ConcurrentGCThread "G1 Refine#0"               [id=29228, stack(0x000000fde8300000,0x000000fde8400000) (1024K)]
  0x000002072b6476e0 ConcurrentGCThread "G1 Service"                [id=37548, stack(0x000000fde8400000,0x000000fde8500000) (1024K)]
Total: 15

Threads with active compile tasks:
C2 CompilerThread0  269697 50862   !   4       org.jetbrains.kotlin.metadata.ProtoBuf$Type::<init> (875 bytes)
C2 CompilerThread1  269697 50788       4       org.jetbrains.org.objectweb.asm.ClassReader::accept (1380 bytes)
Total: 2

VM state: at safepoint (normal execution)

VM Mutex/Monitor currently owned by a thread:  ([mutex/lock_event])
[0x00007fff80d0d380] Threads_lock - owner thread: 0x000002072b7899a0
[0x00007fff80d0d480] Heap_lock - owner thread: 0x000002075e712a30

Heap address: 0x0000000080000000, size: 2048 MB, Compressed Oops mode: 32-bit

CDS archive(s) mapped at: [0x000002072c000000-0x000002072cba0000-0x000002072cba0000), size 12189696, SharedBaseAddress: 0x000002072c000000, ArchiveRelocationMode: 1.
Compressed class space mapped at: 0x000002072d000000-0x0000020747000000, reserved size: 436207616
Narrow klass base: 0x000002072c000000, Narrow klass shift: 0, Narrow klass range: 0x100000000

GC Precious Log:
 CardTable entry size: 512
 Card Set container configuration: InlinePtr #cards 5 size 8 Array Of Cards #cards 12 size 40 Howl #buckets 4 coarsen threshold 1843 Howl Bitmap #cards 512 size 80 coarsen threshold 460 Card regions per heap region 1 cards per card region 2048
 CPUs: 8 total, 8 available
 Memory: 7834M
 Large Page Support: Disabled
 NUMA Support: Disabled
 Compressed Oops: Enabled (32-bit)
 Heap Region Size: 1M
 Heap Min Capacity: 8M
 Heap Initial Capacity: 124M
 Heap Max Capacity: 2G
 Pre-touch: Disabled
 Parallel Workers: 8
 Concurrent Workers: 2
 Concurrent Refinement Workers: 8
 Periodic GC: Disabled

Heap:
 garbage-first heap   total 498688K, used 310500K [0x0000000080000000, 0x0000000100000000)
  region size 1024K, 11 young (11264K), 11 survivors (11264K)
 Metaspace       used 202996K, committed 206336K, reserved 622592K
  class space    used 24808K, committed 26496K, reserved 425984K

Heap Regions: E=young(eden), S=young(survivor), O=old, HS=humongous(starts), HC=humongous(continues), CS=collection set, F=free, TAMS=top-at-mark-start, PB=parsable bottom
|   0|0x0000000080000000, 0x0000000080100000, 0x0000000080100000|100%|HS|  |TAMS 0x0000000080100000| PB 0x0000000080000000| Complete 
|   1|0x0000000080100000, 0x0000000080200000, 0x0000000080200000|100%|HC|  |TAMS 0x0000000080200000| PB 0x0000000080100000| Complete 
|   2|0x0000000080200000, 0x0000000080300000, 0x0000000080300000|100%|HC|  |TAMS 0x0000000080300000| PB 0x0000000080200000| Complete 
|   3|0x0000000080300000, 0x0000000080400000, 0x0000000080400000|100%| O|  |TAMS 0x0000000080400000| PB 0x0000000080300000| Untracked 
|   4|0x0000000080400000, 0x0000000080500000, 0x0000000080500000|100%| O|  |TAMS 0x0000000080500000| PB 0x0000000080400000| Untracked 
|   5|0x0000000080500000, 0x0000000080600000, 0x0000000080600000|100%| O|  |TAMS 0x0000000080600000| PB 0x0000000080500000| Untracked 
|   6|0x0000000080600000, 0x0000000080700000, 0x0000000080700000|100%|HS|  |TAMS 0x0000000080700000| PB 0x0000000080600000| Complete 
|   7|0x0000000080700000, 0x0000000080800000, 0x0000000080800000|100%| O|  |TAMS 0x0000000080800000| PB 0x0000000080700000| Untracked 
|   8|0x0000000080800000, 0x0000000080900000, 0x0000000080900000|100%| O|  |TAMS 0x0000000080900000| PB 0x0000000080800000| Untracked 
|   9|0x0000000080900000, 0x0000000080a00000, 0x0000000080a00000|100%| O|  |TAMS 0x0000000080a00000| PB 0x0000000080900000| Updating 
|  10|0x0000000080a00000, 0x0000000080b00000, 0x0000000080b00000|100%| O|  |TAMS 0x0000000080b00000| PB 0x0000000080a00000| Untracked 
|  11|0x0000000080b00000, 0x0000000080c00000, 0x0000000080c00000|100%| O|  |TAMS 0x0000000080c00000| PB 0x0000000080b00000| Untracked 
|  12|0x0000000080c00000, 0x0000000080d00000, 0x0000000080d00000|100%| O|  |TAMS 0x0000000080d00000| PB 0x0000000080c00000| Untracked 
|  13|0x0000000080d00000, 0x0000000080e00000, 0x0000000080e00000|100%| O|  |TAMS 0x0000000080e00000| PB 0x0000000080d00000| Untracked 
|  14|0x0000000080e00000, 0x0000000080f00000, 0x0000000080f00000|100%| O|  |TAMS 0x0000000080f00000| PB 0x0000000080e00000| Untracked 
|  15|0x0000000080f00000, 0x0000000081000000, 0x0000000081000000|100%| O|  |TAMS 0x0000000081000000| PB 0x0000000080f00000| Untracked 
|  16|0x0000000081000000, 0x0000000081100000, 0x0000000081100000|100%| O|  |TAMS 0x0000000081100000| PB 0x0000000081000000| Untracked 
|  17|0x0000000081100000, 0x0000000081200000, 0x0000000081200000|100%| O|  |TAMS 0x0000000081200000| PB 0x0000000081100000| Untracked 
|  18|0x0000000081200000, 0x0000000081300000, 0x0000000081300000|100%| O|  |TAMS 0x0000000081300000| PB 0x0000000081200000| Untracked 
|  19|0x0000000081300000, 0x0000000081400000, 0x0000000081400000|100%| O|  |TAMS 0x0000000081400000| PB 0x0000000081300000| Untracked 
|  20|0x0000000081400000, 0x0000000081500000, 0x0000000081500000|100%| O|  |TAMS 0x0000000081500000| PB 0x0000000081400000| Untracked 
|  21|0x0000000081500000, 0x0000000081600000, 0x0000000081600000|100%| O|  |TAMS 0x0000000081600000| PB 0x0000000081500000| Untracked 
|  22|0x0000000081600000, 0x0000000081700000, 0x0000000081700000|100%| O|  |TAMS 0x0000000081700000| PB 0x0000000081600000| Updating 
|  23|0x0000000081700000, 0x0000000081800000, 0x0000000081800000|100%| O|  |TAMS 0x0000000081800000| PB 0x0000000081700000| Untracked 
|  24|0x0000000081800000, 0x0000000081900000, 0x0000000081900000|100%| O|  |TAMS 0x0000000081900000| PB 0x0000000081800000| Untracked 
|  25|0x0000000081900000, 0x0000000081a00000, 0x0000000081a00000|100%| O|  |TAMS 0x0000000081a00000| PB 0x0000000081900000| Untracked 
|  26|0x0000000081a00000, 0x0000000081b00000, 0x0000000081b00000|100%| O|  |TAMS 0x0000000081b00000| PB 0x0000000081a00000| Untracked 
|  27|0x0000000081b00000, 0x0000000081c00000, 0x0000000081c00000|100%| O|  |TAMS 0x0000000081c00000| PB 0x0000000081b00000| Untracked 
|  28|0x0000000081c00000, 0x0000000081d00000, 0x0000000081d00000|100%| O|  |TAMS 0x0000000081d00000| PB 0x0000000081c00000| Untracked 
|  29|0x0000000081d00000, 0x0000000081e00000, 0x0000000081e00000|100%| O|  |TAMS 0x0000000081e00000| PB 0x0000000081d00000| Untracked 
|  30|0x0000000081e00000, 0x0000000081f00000, 0x0000000081f00000|100%| O|  |TAMS 0x0000000081f00000| PB 0x0000000081e00000| Untracked 
|  31|0x0000000081f00000, 0x0000000082000000, 0x0000000082000000|100%| O|  |TAMS 0x0000000082000000| PB 0x0000000081f00000| Untracked 
|  32|0x0000000082000000, 0x0000000082100000, 0x0000000082100000|100%| O|  |TAMS 0x0000000082100000| PB 0x0000000082000000| Untracked 
|  33|0x0000000082100000, 0x0000000082200000, 0x0000000082200000|100%| O|  |TAMS 0x0000000082200000| PB 0x0000000082100000| Untracked 
|  34|0x0000000082200000, 0x0000000082300000, 0x0000000082300000|100%| O|  |TAMS 0x0000000082300000| PB 0x0000000082200000| Updating 
|  35|0x0000000082300000, 0x0000000082400000, 0x0000000082400000|100%| O|  |TAMS 0x0000000082400000| PB 0x0000000082300000| Untracked 
|  36|0x0000000082400000, 0x0000000082500000, 0x0000000082500000|100%| O|  |TAMS 0x0000000082500000| PB 0x0000000082400000| Untracked 
|  37|0x0000000082500000, 0x0000000082600000, 0x0000000082600000|100%| O|  |TAMS 0x0000000082600000| PB 0x0000000082500000| Updating 
|  38|0x0000000082600000, 0x0000000082700000, 0x0000000082700000|100%| O|  |TAMS 0x0000000082700000| PB 0x0000000082600000| Untracked 
|  39|0x0000000082700000, 0x0000000082800000, 0x0000000082800000|100%| O|  |TAMS 0x0000000082800000| PB 0x0000000082700000| Untracked 
|  40|0x0000000082800000, 0x0000000082900000, 0x0000000082900000|100%| O|  |TAMS 0x0000000082900000| PB 0x0000000082800000| Untracked 
|  41|0x0000000082900000, 0x0000000082a00000, 0x0000000082a00000|100%| O|  |TAMS 0x0000000082a00000| PB 0x0000000082900000| Untracked 
|  42|0x0000000082a00000, 0x0000000082b00000, 0x0000000082b00000|100%| O|  |TAMS 0x0000000082b00000| PB 0x0000000082a00000| Untracked 
|  43|0x0000000082b00000, 0x0000000082c00000, 0x0000000082c00000|100%| O|  |TAMS 0x0000000082c00000| PB 0x0000000082b00000| Untracked 
|  44|0x0000000082c00000, 0x0000000082d00000, 0x0000000082d00000|100%| O|  |TAMS 0x0000000082d00000| PB 0x0000000082c00000| Untracked 
|  45|0x0000000082d00000, 0x0000000082e00000, 0x0000000082e00000|100%| O|  |TAMS 0x0000000082e00000| PB 0x0000000082d00000| Updating 
|  46|0x0000000082e00000, 0x0000000082f00000, 0x0000000082f00000|100%| O|  |TAMS 0x0000000082f00000| PB 0x0000000082e00000| Untracked 
|  47|0x0000000082f00000, 0x0000000083000000, 0x0000000083000000|100%| O|  |TAMS 0x0000000083000000| PB 0x0000000082f00000| Untracked 
|  48|0x0000000083000000, 0x0000000083100000, 0x0000000083100000|100%| O|  |TAMS 0x0000000083100000| PB 0x0000000083000000| Untracked 
|  49|0x0000000083100000, 0x0000000083200000, 0x0000000083200000|100%| O|  |TAMS 0x0000000083200000| PB 0x0000000083100000| Untracked 
|  50|0x0000000083200000, 0x0000000083300000, 0x0000000083300000|100%| O|  |TAMS 0x0000000083300000| PB 0x0000000083200000| Untracked 
|  51|0x0000000083300000, 0x0000000083400000, 0x0000000083400000|100%| O|  |TAMS 0x0000000083400000| PB 0x0000000083300000| Untracked 
|  52|0x0000000083400000, 0x0000000083500000, 0x0000000083500000|100%| O|  |TAMS 0x0000000083500000| PB 0x0000000083400000| Untracked 
|  53|0x0000000083500000, 0x0000000083600000, 0x0000000083600000|100%| O|  |TAMS 0x0000000083600000| PB 0x0000000083500000| Untracked 
|  54|0x0000000083600000, 0x0000000083700000, 0x0000000083700000|100%| O|  |TAMS 0x0000000083700000| PB 0x0000000083600000| Updating 
|  55|0x0000000083700000, 0x0000000083800000, 0x0000000083800000|100%| O|  |TAMS 0x0000000083800000| PB 0x0000000083700000| Untracked 
|  56|0x0000000083800000, 0x0000000083900000, 0x0000000083900000|100%| O|  |TAMS 0x0000000083900000| PB 0x0000000083800000| Updating 
|  57|0x0000000083900000, 0x0000000083a00000, 0x0000000083a00000|100%| O|  |TAMS 0x0000000083a00000| PB 0x0000000083900000| Untracked 
|  58|0x0000000083a00000, 0x0000000083b00000, 0x0000000083b00000|100%| O|  |TAMS 0x0000000083b00000| PB 0x0000000083a00000| Untracked 
|  59|0x0000000083b00000, 0x0000000083c00000, 0x0000000083c00000|100%| O|  |TAMS 0x0000000083c00000| PB 0x0000000083b00000| Untracked 
|  60|0x0000000083c00000, 0x0000000083d00000, 0x0000000083d00000|100%|HS|  |TAMS 0x0000000083d00000| PB 0x0000000083c00000| Complete 
|  61|0x0000000083d00000, 0x0000000083e00000, 0x0000000083e00000|100%|HC|  |TAMS 0x0000000083e00000| PB 0x0000000083d00000| Complete 
|  62|0x0000000083e00000, 0x0000000083f00000, 0x0000000083f00000|100%|HC|  |TAMS 0x0000000083f00000| PB 0x0000000083e00000| Complete 
|  63|0x0000000083f00000, 0x0000000084000000, 0x0000000084000000|100%| O|  |TAMS 0x0000000084000000| PB 0x0000000083f00000| Untracked 
|  64|0x0000000084000000, 0x0000000084100000, 0x0000000084100000|100%| O|  |TAMS 0x0000000084100000| PB 0x0000000084000000| Updating 
|  65|0x0000000084100000, 0x0000000084200000, 0x0000000084200000|100%| O|  |TAMS 0x0000000084200000| PB 0x0000000084100000| Untracked 
|  66|0x0000000084200000, 0x0000000084300000, 0x0000000084300000|100%| O|  |TAMS 0x0000000084300000| PB 0x0000000084200000| Untracked 
|  67|0x0000000084300000, 0x0000000084400000, 0x0000000084400000|100%| O|  |TAMS 0x0000000084400000| PB 0x0000000084300000| Updating 
|  68|0x0000000084400000, 0x0000000084500000, 0x0000000084500000|100%| O|  |TAMS 0x0000000084500000| PB 0x0000000084400000| Untracked 
|  69|0x0000000084500000, 0x0000000084600000, 0x0000000084600000|100%| O|  |TAMS 0x0000000084600000| PB 0x0000000084500000| Updating 
|  70|0x0000000084600000, 0x0000000084700000, 0x0000000084700000|100%|HS|  |TAMS 0x0000000084700000| PB 0x0000000084600000| Complete 
|  71|0x0000000084700000, 0x0000000084800000, 0x0000000084800000|100%|HC|  |TAMS 0x0000000084800000| PB 0x0000000084700000| Complete 
|  72|0x0000000084800000, 0x0000000084900000, 0x0000000084900000|100%|HC|  |TAMS 0x0000000084900000| PB 0x0000000084800000| Complete 
|  73|0x0000000084900000, 0x0000000084a00000, 0x0000000084a00000|100%| O|  |TAMS 0x0000000084a00000| PB 0x0000000084900000| Updating 
|  74|0x0000000084a00000, 0x0000000084b00000, 0x0000000084b00000|100%| O|  |TAMS 0x0000000084b00000| PB 0x0000000084a00000| Untracked 
|  75|0x0000000084b00000, 0x0000000084c00000, 0x0000000084c00000|100%| O|  |TAMS 0x0000000084c00000| PB 0x0000000084b00000| Untracked 
|  76|0x0000000084c00000, 0x0000000084d00000, 0x0000000084d00000|100%| O|  |TAMS 0x0000000084d00000| PB 0x0000000084c00000| Untracked 
|  77|0x0000000084d00000, 0x0000000084e00000, 0x0000000084e00000|100%| O|  |TAMS 0x0000000084e00000| PB 0x0000000084d00000| Untracked 
|  78|0x0000000084e00000, 0x0000000084f00000, 0x0000000084f00000|100%| O|  |TAMS 0x0000000084f00000| PB 0x0000000084e00000| Untracked 
|  79|0x0000000084f00000, 0x0000000085000000, 0x0000000085000000|100%| O|  |TAMS 0x0000000085000000| PB 0x0000000084f00000| Untracked 
|  80|0x0000000085000000, 0x0000000085100000, 0x0000000085100000|100%| O|  |TAMS 0x0000000085100000| PB 0x0000000085000000| Untracked 
|  81|0x0000000085100000, 0x0000000085200000, 0x0000000085200000|100%| O|  |TAMS 0x0000000085200000| PB 0x0000000085100000| Untracked 
|  82|0x0000000085200000, 0x0000000085300000, 0x0000000085300000|100%| O|  |TAMS 0x0000000085300000| PB 0x0000000085200000| Untracked 
|  83|0x0000000085300000, 0x0000000085400000, 0x0000000085400000|100%| O|  |TAMS 0x0000000085400000| PB 0x0000000085300000| Untracked 
|  84|0x0000000085400000, 0x0000000085500000, 0x0000000085500000|100%| O|  |TAMS 0x0000000085500000| PB 0x0000000085400000| Untracked 
|  85|0x0000000085500000, 0x0000000085600000, 0x0000000085600000|100%| O|  |TAMS 0x0000000085600000| PB 0x0000000085500000| Untracked 
|  86|0x0000000085600000, 0x0000000085700000, 0x0000000085700000|100%| O|  |TAMS 0x0000000085700000| PB 0x0000000085600000| Untracked 
|  87|0x0000000085700000, 0x0000000085800000, 0x0000000085800000|100%| O|  |TAMS 0x0000000085800000| PB 0x0000000085700000| Untracked 
|  88|0x0000000085800000, 0x0000000085900000, 0x0000000085900000|100%| O|  |TAMS 0x0000000085900000| PB 0x0000000085800000| Updating 
|  89|0x0000000085900000, 0x0000000085a00000, 0x0000000085a00000|100%| O|  |TAMS 0x0000000085a00000| PB 0x0000000085900000| Updating 
|  90|0x0000000085a00000, 0x0000000085b00000, 0x0000000085b00000|100%| O|  |TAMS 0x0000000085b00000| PB 0x0000000085a00000| Untracked 
|  91|0x0000000085b00000, 0x0000000085c00000, 0x0000000085c00000|100%| O|  |TAMS 0x0000000085c00000| PB 0x0000000085b00000| Untracked 
|  92|0x0000000085c00000, 0x0000000085d00000, 0x0000000085d00000|100%| O|  |TAMS 0x0000000085d00000| PB 0x0000000085c00000| Untracked 
|  93|0x0000000085d00000, 0x0000000085e00000, 0x0000000085e00000|100%| O|  |TAMS 0x0000000085e00000| PB 0x0000000085d00000| Untracked 
|  94|0x0000000085e00000, 0x0000000085f00000, 0x0000000085f00000|100%| O|  |TAMS 0x0000000085f00000| PB 0x0000000085e00000| Untracked 
|  95|0x0000000085f00000, 0x0000000086000000, 0x0000000086000000|100%| O|  |TAMS 0x0000000086000000| PB 0x0000000085f00000| Untracked 
|  96|0x0000000086000000, 0x0000000086100000, 0x0000000086100000|100%| O|  |TAMS 0x0000000086100000| PB 0x0000000086000000| Untracked 
|  97|0x0000000086100000, 0x0000000086200000, 0x0000000086200000|100%| O|  |TAMS 0x0000000086200000| PB 0x0000000086100000| Untracked 
|  98|0x0000000086200000, 0x0000000086300000, 0x0000000086300000|100%| O|  |TAMS 0x0000000086300000| PB 0x0000000086200000| Untracked 
|  99|0x0000000086300000, 0x0000000086400000, 0x0000000086400000|100%|HS|  |TAMS 0x0000000086400000| PB 0x0000000086300000| Complete 
| 100|0x0000000086400000, 0x0000000086500000, 0x0000000086500000|100%|HC|  |TAMS 0x0000000086500000| PB 0x0000000086400000| Complete 
| 101|0x0000000086500000, 0x0000000086600000, 0x0000000086600000|100%|HC|  |TAMS 0x0000000086600000| PB 0x0000000086500000| Complete 
| 102|0x0000000086600000, 0x0000000086700000, 0x0000000086700000|100%| O|  |TAMS 0x0000000086700000| PB 0x0000000086600000| Untracked 
| 103|0x0000000086700000, 0x0000000086800000, 0x0000000086800000|100%| O|  |TAMS 0x0000000086800000| PB 0x0000000086700000| Untracked 
| 104|0x0000000086800000, 0x0000000086900000, 0x0000000086900000|100%| O|  |TAMS 0x0000000086900000| PB 0x0000000086800000| Updating 
| 105|0x0000000086900000, 0x0000000086a00000, 0x0000000086a00000|100%| O|  |TAMS 0x0000000086a00000| PB 0x0000000086900000| Updating 
| 106|0x0000000086a00000, 0x0000000086b00000, 0x0000000086b00000|100%|HS|  |TAMS 0x0000000086b00000| PB 0x0000000086a00000| Complete 
| 107|0x0000000086b00000, 0x0000000086c00000, 0x0000000086c00000|100%| O|  |TAMS 0x0000000086c00000| PB 0x0000000086b00000| Untracked 
| 108|0x0000000086c00000, 0x0000000086d00000, 0x0000000086d00000|100%| O|  |TAMS 0x0000000086d00000| PB 0x0000000086c00000| Untracked 
| 109|0x0000000086d00000, 0x0000000086e00000, 0x0000000086e00000|100%| O|  |TAMS 0x0000000086e00000| PB 0x0000000086d00000| Updating 
| 110|0x0000000086e00000, 0x0000000086f00000, 0x0000000086f00000|100%| O|  |TAMS 0x0000000086f00000| PB 0x0000000086e00000| Updating 
| 111|0x0000000086f00000, 0x0000000087000000, 0x0000000087000000|100%| O|  |TAMS 0x0000000087000000| PB 0x0000000086f00000| Untracked 
| 112|0x0000000087000000, 0x0000000087100000, 0x0000000087100000|100%| O|  |TAMS 0x0000000087100000| PB 0x0000000087000000| Untracked 
| 113|0x0000000087100000, 0x0000000087200000, 0x0000000087200000|100%| O|  |TAMS 0x0000000087200000| PB 0x0000000087100000| Untracked 
| 114|0x0000000087200000, 0x0000000087300000, 0x0000000087300000|100%| O|  |TAMS 0x0000000087300000| PB 0x0000000087200000| Updating 
| 115|0x0000000087300000, 0x0000000087400000, 0x0000000087400000|100%| O|  |TAMS 0x0000000087400000| PB 0x0000000087300000| Untracked 
| 116|0x0000000087400000, 0x0000000087500000, 0x0000000087500000|100%| O|  |TAMS 0x0000000087500000| PB 0x0000000087400000| Untracked 
| 117|0x0000000087500000, 0x0000000087600000, 0x0000000087600000|100%| O|  |TAMS 0x0000000087600000| PB 0x0000000087500000| Untracked 
| 118|0x0000000087600000, 0x0000000087700000, 0x0000000087700000|100%| O|  |TAMS 0x0000000087700000| PB 0x0000000087600000| Untracked 
| 119|0x0000000087700000, 0x0000000087800000, 0x0000000087800000|100%| O|  |TAMS 0x0000000087800000| PB 0x0000000087700000| Untracked 
| 120|0x0000000087800000, 0x0000000087900000, 0x0000000087900000|100%| O|  |TAMS 0x0000000087900000| PB 0x0000000087800000| Untracked 
| 121|0x0000000087900000, 0x0000000087a00000, 0x0000000087a00000|100%| O|  |TAMS 0x0000000087a00000| PB 0x0000000087900000| Updating 
| 122|0x0000000087a00000, 0x0000000087b00000, 0x0000000087b00000|100%| O|  |TAMS 0x0000000087b00000| PB 0x0000000087a00000| Untracked 
| 123|0x0000000087b00000, 0x0000000087c00000, 0x0000000087c00000|100%| O|  |TAMS 0x0000000087c00000| PB 0x0000000087b00000| Updating 
| 124|0x0000000087c00000, 0x0000000087d00000, 0x0000000087d00000|100%| O|  |TAMS 0x0000000087d00000| PB 0x0000000087c00000| Updating 
| 125|0x0000000087d00000, 0x0000000087e00000, 0x0000000087e00000|100%| O|  |TAMS 0x0000000087e00000| PB 0x0000000087d00000| Untracked 
| 126|0x0000000087e00000, 0x0000000087f00000, 0x0000000087f00000|100%| O|  |TAMS 0x0000000087f00000| PB 0x0000000087e00000| Updating 
| 127|0x0000000087f00000, 0x0000000088000000, 0x0000000088000000|100%| O|  |TAMS 0x0000000088000000| PB 0x0000000087f00000| Updating 
| 128|0x0000000088000000, 0x0000000088100000, 0x0000000088100000|100%| O|  |TAMS 0x0000000088100000| PB 0x0000000088000000| Untracked 
| 129|0x0000000088100000, 0x0000000088200000, 0x0000000088200000|100%| O|  |TAMS 0x0000000088200000| PB 0x0000000088100000| Untracked 
| 130|0x0000000088200000, 0x0000000088300000, 0x0000000088300000|100%| O|  |TAMS 0x0000000088200000| PB 0x0000000088200000| Untracked 
| 131|0x0000000088300000, 0x0000000088400000, 0x0000000088400000|100%| O|  |TAMS 0x0000000088400000| PB 0x0000000088300000| Updating 
| 132|0x0000000088400000, 0x0000000088500000, 0x0000000088500000|100%| O|  |TAMS 0x0000000088500000| PB 0x0000000088400000| Untracked 
| 133|0x0000000088500000, 0x0000000088600000, 0x0000000088600000|100%| O|  |TAMS 0x0000000088600000| PB 0x0000000088500000| Updating 
| 134|0x0000000088600000, 0x0000000088700000, 0x0000000088700000|100%| O|  |TAMS 0x0000000088700000| PB 0x0000000088600000| Updating 
| 135|0x0000000088700000, 0x0000000088800000, 0x0000000088800000|100%| O|  |TAMS 0x0000000088800000| PB 0x0000000088700000| Untracked 
| 136|0x0000000088800000, 0x0000000088900000, 0x0000000088900000|100%| O|  |TAMS 0x0000000088900000| PB 0x0000000088800000| Untracked 
| 137|0x0000000088900000, 0x0000000088a00000, 0x0000000088a00000|100%| O|  |TAMS 0x0000000088a00000| PB 0x0000000088900000| Untracked 
| 138|0x0000000088a00000, 0x0000000088b00000, 0x0000000088b00000|100%| O|  |TAMS 0x0000000088b00000| PB 0x0000000088a00000| Untracked 
| 139|0x0000000088b00000, 0x0000000088c00000, 0x0000000088c00000|100%| O|  |TAMS 0x0000000088c00000| PB 0x0000000088b00000| Updating 
| 140|0x0000000088c00000, 0x0000000088d00000, 0x0000000088d00000|100%| O|  |TAMS 0x0000000088d00000| PB 0x0000000088c00000| Untracked 
| 141|0x0000000088d00000, 0x0000000088e00000, 0x0000000088e00000|100%| O|  |TAMS 0x0000000088e00000| PB 0x0000000088d00000| Updating 
| 142|0x0000000088e00000, 0x0000000088f00000, 0x0000000088f00000|100%| O|  |TAMS 0x0000000088f00000| PB 0x0000000088e00000| Untracked 
| 143|0x0000000088f00000, 0x0000000089000000, 0x0000000089000000|100%| O|  |TAMS 0x0000000089000000| PB 0x0000000088f00000| Untracked 
| 144|0x0000000089000000, 0x0000000089100000, 0x0000000089100000|100%| O|  |TAMS 0x0000000089100000| PB 0x0000000089000000| Untracked 
| 145|0x0000000089100000, 0x0000000089200000, 0x0000000089200000|100%| O|  |TAMS 0x0000000089200000| PB 0x0000000089100000| Updating 
| 146|0x0000000089200000, 0x0000000089300000, 0x0000000089300000|100%| O|  |TAMS 0x0000000089300000| PB 0x0000000089200000| Untracked 
| 147|0x0000000089300000, 0x0000000089400000, 0x0000000089400000|100%| O|  |TAMS 0x0000000089400000| PB 0x0000000089300000| Updating 
| 148|0x0000000089400000, 0x0000000089500000, 0x0000000089500000|100%| O|  |TAMS 0x0000000089500000| PB 0x0000000089400000| Untracked 
| 149|0x0000000089500000, 0x0000000089600000, 0x0000000089600000|100%| O|  |TAMS 0x0000000089600000| PB 0x0000000089500000| Updating 
| 150|0x0000000089600000, 0x0000000089700000, 0x0000000089700000|100%| O|  |TAMS 0x0000000089700000| PB 0x0000000089600000| Untracked 
| 151|0x0000000089700000, 0x0000000089800000, 0x0000000089800000|100%| O|  |TAMS 0x0000000089800000| PB 0x0000000089700000| Untracked 
| 152|0x0000000089800000, 0x0000000089900000, 0x0000000089900000|100%| O|  |TAMS 0x0000000089900000| PB 0x0000000089800000| Updating 
| 153|0x0000000089900000, 0x0000000089a00000, 0x0000000089a00000|100%| O|  |TAMS 0x0000000089a00000| PB 0x0000000089900000| Untracked 
| 154|0x0000000089a00000, 0x0000000089b00000, 0x0000000089b00000|100%| O|  |TAMS 0x0000000089b00000| PB 0x0000000089a00000| Untracked 
| 155|0x0000000089b00000, 0x0000000089c00000, 0x0000000089c00000|100%| O|  |TAMS 0x0000000089c00000| PB 0x0000000089b00000| Updating 
| 156|0x0000000089c00000, 0x0000000089d00000, 0x0000000089d00000|100%|HS|  |TAMS 0x0000000089d00000| PB 0x0000000089c00000| Complete 
| 157|0x0000000089d00000, 0x0000000089e00000, 0x0000000089e00000|100%|HC|  |TAMS 0x0000000089e00000| PB 0x0000000089d00000| Complete 
| 158|0x0000000089e00000, 0x0000000089f00000, 0x0000000089f00000|100%| O|  |TAMS 0x0000000089f00000| PB 0x0000000089e00000| Untracked 
| 159|0x0000000089f00000, 0x000000008a000000, 0x000000008a000000|100%| O|  |TAMS 0x000000008a000000| PB 0x0000000089f00000| Untracked 
| 160|0x000000008a000000, 0x000000008a100000, 0x000000008a100000|100%| O|  |TAMS 0x000000008a100000| PB 0x000000008a000000| Updating 
| 161|0x000000008a100000, 0x000000008a200000, 0x000000008a200000|100%| O|  |TAMS 0x000000008a200000| PB 0x000000008a100000| Untracked 
| 162|0x000000008a200000, 0x000000008a300000, 0x000000008a300000|100%| O|  |TAMS 0x000000008a300000| PB 0x000000008a200000| Untracked 
| 163|0x000000008a300000, 0x000000008a400000, 0x000000008a400000|100%| O|  |TAMS 0x000000008a400000| PB 0x000000008a300000| Untracked 
| 164|0x000000008a400000, 0x000000008a500000, 0x000000008a500000|100%| O|  |TAMS 0x000000008a500000| PB 0x000000008a400000| Untracked 
| 165|0x000000008a500000, 0x000000008a600000, 0x000000008a600000|100%| O|  |TAMS 0x000000008a600000| PB 0x000000008a500000| Untracked 
| 166|0x000000008a600000, 0x000000008a700000, 0x000000008a700000|100%| O|  |TAMS 0x000000008a700000| PB 0x000000008a600000| Untracked 
| 167|0x000000008a700000, 0x000000008a800000, 0x000000008a800000|100%|HS|  |TAMS 0x000000008a800000| PB 0x000000008a700000| Complete 
| 168|0x000000008a800000, 0x000000008a900000, 0x000000008a900000|100%|HC|  |TAMS 0x000000008a900000| PB 0x000000008a800000| Complete 
| 169|0x000000008a900000, 0x000000008aa00000, 0x000000008aa00000|100%| O|  |TAMS 0x000000008aa00000| PB 0x000000008a900000| Untracked 
| 170|0x000000008aa00000, 0x000000008ab00000, 0x000000008ab00000|100%| O|  |TAMS 0x000000008ab00000| PB 0x000000008ab00000| Untracked 
| 171|0x000000008ab00000, 0x000000008ac00000, 0x000000008ac00000|100%| O|  |TAMS 0x000000008ac00000| PB 0x000000008ac00000| Untracked 
| 172|0x000000008ac00000, 0x000000008ad00000, 0x000000008ad00000|100%| O|  |TAMS 0x000000008ad00000| PB 0x000000008ad00000| Updating 
| 173|0x000000008ad00000, 0x000000008ae00000, 0x000000008ae00000|100%| O|  |TAMS 0x000000008ae00000| PB 0x000000008ae00000| Untracked 
| 174|0x000000008ae00000, 0x000000008af00000, 0x000000008af00000|100%| O|  |TAMS 0x000000008af00000| PB 0x000000008af00000| Untracked 
| 175|0x000000008af00000, 0x000000008b000000, 0x000000008b000000|100%| O|  |TAMS 0x000000008af00000| PB 0x000000008af00000| Untracked 
| 176|0x000000008b000000, 0x000000008b100000, 0x000000008b100000|100%| O|  |TAMS 0x000000008b100000| PB 0x000000008b100000| Updating 
| 177|0x000000008b100000, 0x000000008b200000, 0x000000008b200000|100%| O|  |TAMS 0x000000008b200000| PB 0x000000008b200000| Untracked 
| 178|0x000000008b200000, 0x000000008b300000, 0x000000008b300000|100%| O|  |TAMS 0x000000008b300000| PB 0x000000008b300000| Updating 
| 179|0x000000008b300000, 0x000000008b400000, 0x000000008b400000|100%| O|  |TAMS 0x000000008b400000| PB 0x000000008b400000| Updating 
| 180|0x000000008b400000, 0x000000008b500000, 0x000000008b500000|100%| O|  |TAMS 0x000000008b500000| PB 0x000000008b500000| Untracked 
| 181|0x000000008b500000, 0x000000008b600000, 0x000000008b600000|100%| O|  |TAMS 0x000000008b600000| PB 0x000000008b600000| Untracked 
| 182|0x000000008b600000, 0x000000008b700000, 0x000000008b700000|100%| O|  |TAMS 0x000000008b700000| PB 0x000000008b700000| Untracked 
| 183|0x000000008b700000, 0x000000008b800000, 0x000000008b800000|100%| O|  |TAMS 0x000000008b800000| PB 0x000000008b800000| Updating 
| 184|0x000000008b800000, 0x000000008b900000, 0x000000008b900000|100%| O|  |TAMS 0x000000008b900000| PB 0x000000008b900000| Untracked 
| 185|0x000000008b900000, 0x000000008ba00000, 0x000000008ba00000|100%|HS|  |TAMS 0x000000008ba00000| PB 0x000000008b900000| Complete 
| 186|0x000000008ba00000, 0x000000008bb00000, 0x000000008bb00000|100%|HC|  |TAMS 0x000000008bb00000| PB 0x000000008ba00000| Complete 
| 187|0x000000008bb00000, 0x000000008bc00000, 0x000000008bc00000|100%|HC|  |TAMS 0x000000008bc00000| PB 0x000000008bb00000| Complete 
| 188|0x000000008bc00000, 0x000000008bd00000, 0x000000008bd00000|100%|HS|  |TAMS 0x000000008bd00000| PB 0x000000008bc00000| Complete 
| 189|0x000000008bd00000, 0x000000008be00000, 0x000000008be00000|100%|HC|  |TAMS 0x000000008be00000| PB 0x000000008bd00000| Complete 
| 190|0x000000008be00000, 0x000000008bf00000, 0x000000008bf00000|100%|HC|  |TAMS 0x000000008bf00000| PB 0x000000008be00000| Complete 
| 191|0x000000008bf00000, 0x000000008c000000, 0x000000008c000000|100%| O|  |TAMS 0x000000008c000000| PB 0x000000008c000000| Untracked 
| 192|0x000000008c000000, 0x000000008c100000, 0x000000008c100000|100%| O|  |TAMS 0x000000008c100000| PB 0x000000008c100000| Updating 
| 193|0x000000008c100000, 0x000000008c200000, 0x000000008c200000|100%| O|  |TAMS 0x000000008c200000| PB 0x000000008c200000| Untracked 
| 194|0x000000008c200000, 0x000000008c300000, 0x000000008c300000|100%| O|  |TAMS 0x000000008c300000| PB 0x000000008c300000| Untracked 
| 195|0x000000008c300000, 0x000000008c400000, 0x000000008c400000|100%| O|  |TAMS 0x000000008c400000| PB 0x000000008c400000| Updating 
| 196|0x000000008c400000, 0x000000008c500000, 0x000000008c500000|100%| O|  |TAMS 0x000000008c500000| PB 0x000000008c500000| Updating 
| 197|0x000000008c500000, 0x000000008c600000, 0x000000008c600000|100%| O|  |TAMS 0x000000008c600000| PB 0x000000008c600000| Updating 
| 198|0x000000008c600000, 0x000000008c700000, 0x000000008c700000|100%| O|  |TAMS 0x000000008c700000| PB 0x000000008c700000| Updating 
| 199|0x000000008c700000, 0x000000008c800000, 0x000000008c800000|100%| O|  |TAMS 0x000000008c800000| PB 0x000000008c800000| Updating 
| 200|0x000000008c800000, 0x000000008c900000, 0x000000008c900000|100%| O|  |TAMS 0x000000008c900000| PB 0x000000008c900000| Updating 
| 201|0x000000008c900000, 0x000000008ca00000, 0x000000008ca00000|100%| O|  |TAMS 0x000000008ca00000| PB 0x000000008ca00000| Updating 
| 202|0x000000008ca00000, 0x000000008cb00000, 0x000000008cb00000|100%|HS|  |TAMS 0x000000008ca00000| PB 0x000000008ca00000| Complete 
| 203|0x000000008cb00000, 0x000000008cb00000, 0x000000008cc00000|  0%| F|  |TAMS 0x000000008cb00000| PB 0x000000008cb00000| Untracked 
| 204|0x000000008cc00000, 0x000000008cd00000, 0x000000008cd00000|100%| O|  |TAMS 0x000000008cd00000| PB 0x000000008cd00000| Updating 
| 205|0x000000008cd00000, 0x000000008ce00000, 0x000000008ce00000|100%| O|  |TAMS 0x000000008ce00000| PB 0x000000008ce00000| Updating 
| 206|0x000000008ce00000, 0x000000008cf00000, 0x000000008cf00000|100%| O|  |TAMS 0x000000008cf00000| PB 0x000000008cf00000| Updating 
| 207|0x000000008cf00000, 0x000000008d000000, 0x000000008d000000|100%|HS|  |TAMS 0x000000008cf00000| PB 0x000000008cf00000| Complete 
| 208|0x000000008d000000, 0x000000008d100000, 0x000000008d100000|100%| O|  |TAMS 0x000000008d000000| PB 0x000000008d000000| Untracked 
| 209|0x000000008d100000, 0x000000008d200000, 0x000000008d200000|100%| O|  |TAMS 0x000000008d100000| PB 0x000000008d100000| Untracked 
| 210|0x000000008d200000, 0x000000008d300000, 0x000000008d300000|100%| O|  |TAMS 0x000000008d200000| PB 0x000000008d200000| Untracked 
| 211|0x000000008d300000, 0x000000008d400000, 0x000000008d400000|100%| O|  |TAMS 0x000000008d300000| PB 0x000000008d300000| Untracked 
| 212|0x000000008d400000, 0x000000008d500000, 0x000000008d500000|100%| O|  |TAMS 0x000000008d500000| PB 0x000000008d500000| Untracked 
| 213|0x000000008d500000, 0x000000008d600000, 0x000000008d600000|100%| O|  |TAMS 0x000000008d500000| PB 0x000000008d500000| Untracked 
| 214|0x000000008d600000, 0x000000008d700000, 0x000000008d700000|100%| O|  |TAMS 0x000000008d700000| PB 0x000000008d700000| Untracked 
| 215|0x000000008d700000, 0x000000008d800000, 0x000000008d800000|100%| O|  |TAMS 0x000000008d800000| PB 0x000000008d800000| Untracked 
| 216|0x000000008d800000, 0x000000008d900000, 0x000000008d900000|100%| O|  |TAMS 0x000000008d900000| PB 0x000000008d900000| Untracked 
| 217|0x000000008d900000, 0x000000008da00000, 0x000000008da00000|100%| O|  |TAMS 0x000000008da00000| PB 0x000000008da00000| Untracked 
| 218|0x000000008da00000, 0x000000008db00000, 0x000000008db00000|100%| O|  |TAMS 0x000000008db00000| PB 0x000000008db00000| Untracked 
| 219|0x000000008db00000, 0x000000008dc00000, 0x000000008dc00000|100%| O|  |TAMS 0x000000008dc00000| PB 0x000000008dc00000| Untracked 
| 220|0x000000008dc00000, 0x000000008dd00000, 0x000000008dd00000|100%| O|  |TAMS 0x000000008dd00000| PB 0x000000008dd00000| Updating 
| 221|0x000000008dd00000, 0x000000008de00000, 0x000000008de00000|100%| O|  |TAMS 0x000000008de00000| PB 0x000000008de00000| Untracked 
| 222|0x000000008de00000, 0x000000008df00000, 0x000000008df00000|100%| O|  |TAMS 0x000000008df00000| PB 0x000000008df00000| Untracked 
| 223|0x000000008df00000, 0x000000008e000000, 0x000000008e000000|100%| O|  |TAMS 0x000000008e000000| PB 0x000000008e000000| Untracked 
| 224|0x000000008e000000, 0x000000008e100000, 0x000000008e100000|100%| O|  |TAMS 0x000000008e100000| PB 0x000000008e100000| Untracked 
| 225|0x000000008e100000, 0x000000008e200000, 0x000000008e200000|100%| O|  |TAMS 0x000000008e200000| PB 0x000000008e200000| Untracked 
| 226|0x000000008e200000, 0x000000008e300000, 0x000000008e300000|100%| O|  |TAMS 0x000000008e300000| PB 0x000000008e300000| Updating 
| 227|0x000000008e300000, 0x000000008e400000, 0x000000008e400000|100%| O|  |TAMS 0x000000008e400000| PB 0x000000008e400000| Updating 
| 228|0x000000008e400000, 0x000000008e500000, 0x000000008e500000|100%| O|  |TAMS 0x000000008e500000| PB 0x000000008e500000| Updating 
| 229|0x000000008e500000, 0x000000008e600000, 0x000000008e600000|100%|HS|  |TAMS 0x000000008e600000| PB 0x000000008e500000| Complete 
| 230|0x000000008e600000, 0x000000008e700000, 0x000000008e700000|100%|HC|  |TAMS 0x000000008e700000| PB 0x000000008e600000| Complete 
| 231|0x000000008e700000, 0x000000008e800000, 0x000000008e800000|100%|HC|  |TAMS 0x000000008e800000| PB 0x000000008e700000| Complete 
| 232|0x000000008e800000, 0x000000008e900000, 0x000000008e900000|100%|HC|  |TAMS 0x000000008e900000| PB 0x000000008e800000| Complete 
| 233|0x000000008e900000, 0x000000008ea00000, 0x000000008ea00000|100%|HC|  |TAMS 0x000000008ea00000| PB 0x000000008e900000| Complete 
| 234|0x000000008ea00000, 0x000000008eb00000, 0x000000008eb00000|100%|HC|  |TAMS 0x000000008eb00000| PB 0x000000008ea00000| Complete 
| 235|0x000000008eb00000, 0x000000008ec00000, 0x000000008ec00000|100%| O|  |TAMS 0x000000008eb00000| PB 0x000000008eb00000| Untracked 
| 236|0x000000008ec00000, 0x000000008ed00000, 0x000000008ed00000|100%| O|  |TAMS 0x000000008ed00000| PB 0x000000008ed00000| Updating 
| 237|0x000000008ed00000, 0x000000008ee00000, 0x000000008ee00000|100%| O|  |TAMS 0x000000008ee00000| PB 0x000000008ee00000| Updating 
| 238|0x000000008ee00000, 0x000000008ef00000, 0x000000008ef00000|100%| O|  |TAMS 0x000000008ee00000| PB 0x000000008ee00000| Untracked 
| 239|0x000000008ef00000, 0x000000008f000000, 0x000000008f000000|100%| O|  |TAMS 0x000000008f000000| PB 0x000000008f000000| Updating 
| 240|0x000000008f000000, 0x000000008f100000, 0x000000008f100000|100%| O|  |TAMS 0x000000008f100000| PB 0x000000008f100000| Updating 
| 241|0x000000008f100000, 0x000000008f200000, 0x000000008f200000|100%| O|  |TAMS 0x000000008f200000| PB 0x000000008f200000| Updating 
| 242|0x000000008f200000, 0x000000008f300000, 0x000000008f300000|100%| O|  |TAMS 0x000000008f300000| PB 0x000000008f300000| Updating 
| 243|0x000000008f300000, 0x000000008f370af0, 0x000000008f400000| 44%| O|  |TAMS 0x000000008f300000| PB 0x000000008f300000| Untracked 
| 244|0x000000008f400000, 0x000000008f500000, 0x000000008f500000|100%| O|  |TAMS 0x000000008f500000| PB 0x000000008f500000| Updating 
| 245|0x000000008f500000, 0x000000008f600000, 0x000000008f600000|100%| O|  |TAMS 0x000000008f600000| PB 0x000000008f600000| Updating 
| 246|0x000000008f600000, 0x000000008f700000, 0x000000008f700000|100%| O|  |TAMS 0x000000008f700000| PB 0x000000008f700000| Updating 
| 247|0x000000008f700000, 0x000000008f800000, 0x000000008f800000|100%| O|  |TAMS 0x000000008f800000| PB 0x000000008f800000| Updating 
| 248|0x000000008f800000, 0x000000008f900000, 0x000000008f900000|100%| O|  |TAMS 0x000000008f900000| PB 0x000000008f900000| Untracked 
| 249|0x000000008f900000, 0x000000008fa00000, 0x000000008fa00000|100%| O|  |TAMS 0x000000008fa00000| PB 0x000000008fa00000| Untracked 
| 250|0x000000008fa00000, 0x000000008fb00000, 0x000000008fb00000|100%| O|  |TAMS 0x000000008fb00000| PB 0x000000008fb00000| Updating 
| 251|0x000000008fb00000, 0x000000008fc00000, 0x000000008fc00000|100%| O|  |TAMS 0x000000008fc00000| PB 0x000000008fc00000| Untracked 
| 252|0x000000008fc00000, 0x000000008fd00000, 0x000000008fd00000|100%| O|  |TAMS 0x000000008fd00000| PB 0x000000008fd00000| Untracked 
| 253|0x000000008fd00000, 0x000000008fe00000, 0x000000008fe00000|100%| O|  |TAMS 0x000000008fe00000| PB 0x000000008fe00000| Updating 
| 254|0x000000008fe00000, 0x000000008ff00000, 0x000000008ff00000|100%| O|  |TAMS 0x000000008fe00000| PB 0x000000008fe00000| Untracked 
| 255|0x000000008ff00000, 0x0000000090000000, 0x0000000090000000|100%| O|  |TAMS 0x000000008ff00000| PB 0x000000008ff00000| Untracked 
| 256|0x0000000090000000, 0x0000000090100000, 0x0000000090100000|100%| O|  |TAMS 0x0000000090000000| PB 0x0000000090000000| Untracked 
| 257|0x0000000090100000, 0x0000000090200000, 0x0000000090200000|100%| O|  |TAMS 0x0000000090100000| PB 0x0000000090100000| Untracked 
| 258|0x0000000090200000, 0x0000000090300000, 0x0000000090300000|100%| O|  |TAMS 0x0000000090200000| PB 0x0000000090200000| Untracked 
| 259|0x0000000090300000, 0x0000000090400000, 0x0000000090400000|100%| O|  |TAMS 0x0000000090300000| PB 0x0000000090300000| Untracked 
| 260|0x0000000090400000, 0x0000000090500000, 0x0000000090500000|100%| O|  |TAMS 0x0000000090400000| PB 0x0000000090400000| Untracked 
| 261|0x0000000090500000, 0x0000000090500000, 0x0000000090600000|  0%| F|  |TAMS 0x0000000090500000| PB 0x0000000090500000| Untracked 
| 262|0x0000000090600000, 0x0000000090600000, 0x0000000090700000|  0%| F|  |TAMS 0x0000000090600000| PB 0x0000000090600000| Untracked 
| 263|0x0000000090700000, 0x0000000090800000, 0x0000000090800000|100%|HS|  |TAMS 0x0000000090700000| PB 0x0000000090700000| Complete 
| 264|0x0000000090800000, 0x0000000090800000, 0x0000000090900000|  0%| F|  |TAMS 0x0000000090800000| PB 0x0000000090800000| Untracked 
| 265|0x0000000090900000, 0x0000000090900000, 0x0000000090a00000|  0%| F|  |TAMS 0x0000000090900000| PB 0x0000000090900000| Untracked 
| 266|0x0000000090a00000, 0x0000000090a00000, 0x0000000090b00000|  0%| F|  |TAMS 0x0000000090a00000| PB 0x0000000090a00000| Untracked 
| 267|0x0000000090b00000, 0x0000000090c00000, 0x0000000090c00000|100%| O|  |TAMS 0x0000000090c00000| PB 0x0000000090c00000| Updating 
| 268|0x0000000090c00000, 0x0000000090d00000, 0x0000000090d00000|100%| O|  |TAMS 0x0000000090d00000| PB 0x0000000090d00000| Updating 
| 269|0x0000000090d00000, 0x0000000090e00000, 0x0000000090e00000|100%| O|  |TAMS 0x0000000090e00000| PB 0x0000000090e00000| Updating 
| 270|0x0000000090e00000, 0x0000000090f00000, 0x0000000090f00000|100%| O|  |TAMS 0x0000000090f00000| PB 0x0000000090f00000| Updating 
| 271|0x0000000090f00000, 0x0000000090f00000, 0x0000000091000000|  0%| F|  |TAMS 0x0000000090f00000| PB 0x0000000090f00000| Untracked 
| 272|0x0000000091000000, 0x0000000091000000, 0x0000000091100000|  0%| F|  |TAMS 0x0000000091000000| PB 0x0000000091000000| Untracked 
| 273|0x0000000091100000, 0x0000000091100000, 0x0000000091200000|  0%| F|  |TAMS 0x0000000091100000| PB 0x0000000091100000| Untracked 
| 274|0x0000000091200000, 0x0000000091200000, 0x0000000091300000|  0%| F|  |TAMS 0x0000000091200000| PB 0x0000000091200000| Untracked 
| 275|0x0000000091300000, 0x0000000091300000, 0x0000000091400000|  0%| F|  |TAMS 0x0000000091300000| PB 0x0000000091300000| Untracked 
| 276|0x0000000091400000, 0x0000000091400000, 0x0000000091500000|  0%| F|  |TAMS 0x0000000091400000| PB 0x0000000091400000| Untracked 
| 277|0x0000000091500000, 0x0000000091500000, 0x0000000091600000|  0%| F|  |TAMS 0x0000000091500000| PB 0x0000000091500000| Untracked 
| 278|0x0000000091600000, 0x0000000091600000, 0x0000000091700000|  0%| F|  |TAMS 0x0000000091600000| PB 0x0000000091600000| Untracked 
| 279|0x0000000091700000, 0x0000000091700000, 0x0000000091800000|  0%| F|  |TAMS 0x0000000091700000| PB 0x0000000091700000| Untracked 
| 280|0x0000000091800000, 0x0000000091800000, 0x0000000091900000|  0%| F|  |TAMS 0x0000000091800000| PB 0x0000000091800000| Untracked 
| 281|0x0000000091900000, 0x0000000091900000, 0x0000000091a00000|  0%| F|  |TAMS 0x0000000091900000| PB 0x0000000091900000| Untracked 
| 282|0x0000000091a00000, 0x0000000091a00000, 0x0000000091b00000|  0%| F|  |TAMS 0x0000000091a00000| PB 0x0000000091a00000| Untracked 
| 283|0x0000000091b00000, 0x0000000091b00000, 0x0000000091c00000|  0%| F|  |TAMS 0x0000000091b00000| PB 0x0000000091b00000| Untracked 
| 284|0x0000000091c00000, 0x0000000091c00000, 0x0000000091d00000|  0%| F|  |TAMS 0x0000000091c00000| PB 0x0000000091c00000| Untracked 
| 285|0x0000000091d00000, 0x0000000091d00000, 0x0000000091e00000|  0%| F|  |TAMS 0x0000000091d00000| PB 0x0000000091d00000| Untracked 
| 286|0x0000000091e00000, 0x0000000091e00000, 0x0000000091f00000|  0%| F|  |TAMS 0x0000000091e00000| PB 0x0000000091e00000| Untracked 
| 287|0x0000000091f00000, 0x0000000091f00000, 0x0000000092000000|  0%| F|  |TAMS 0x0000000091f00000| PB 0x0000000091f00000| Untracked 
| 288|0x0000000092000000, 0x0000000092100000, 0x0000000092100000|100%| O|  |TAMS 0x0000000092000000| PB 0x0000000092000000| Untracked 
| 289|0x0000000092100000, 0x0000000092200000, 0x0000000092200000|100%| O|  |TAMS 0x0000000092100000| PB 0x0000000092100000| Untracked 
| 290|0x0000000092200000, 0x0000000092300000, 0x0000000092300000|100%| O|  |TAMS 0x0000000092200000| PB 0x0000000092200000| Untracked 
| 291|0x0000000092300000, 0x0000000092400000, 0x0000000092400000|100%| O|  |TAMS 0x0000000092300000| PB 0x0000000092300000| Untracked 
| 292|0x0000000092400000, 0x0000000092500000, 0x0000000092500000|100%| O|  |TAMS 0x0000000092400000| PB 0x0000000092400000| Untracked 
| 293|0x0000000092500000, 0x0000000092600000, 0x0000000092600000|100%| O|  |TAMS 0x0000000092500000| PB 0x0000000092500000| Untracked 
| 294|0x0000000092600000, 0x0000000092700000, 0x0000000092700000|100%| O|  |TAMS 0x0000000092600000| PB 0x0000000092600000| Untracked 
| 295|0x0000000092700000, 0x0000000092800000, 0x0000000092800000|100%| O|  |TAMS 0x0000000092700000| PB 0x0000000092700000| Untracked 
| 296|0x0000000092800000, 0x0000000092900000, 0x0000000092900000|100%| O|  |TAMS 0x0000000092800000| PB 0x0000000092800000| Untracked 
| 297|0x0000000092900000, 0x0000000092a00000, 0x0000000092a00000|100%| O|  |TAMS 0x0000000092900000| PB 0x0000000092900000| Untracked 
| 298|0x0000000092a00000, 0x0000000092b00000, 0x0000000092b00000|100%| O|  |TAMS 0x0000000092a00000| PB 0x0000000092a00000| Untracked 
| 299|0x0000000092b00000, 0x0000000092c00000, 0x0000000092c00000|100%| O|  |TAMS 0x0000000092b00000| PB 0x0000000092b00000| Untracked 
| 300|0x0000000092c00000, 0x0000000092d00000, 0x0000000092d00000|100%| O|  |TAMS 0x0000000092c00000| PB 0x0000000092c00000| Untracked 
| 301|0x0000000092d00000, 0x0000000092e00000, 0x0000000092e00000|100%| O|  |TAMS 0x0000000092d00000| PB 0x0000000092d00000| Updating 
| 302|0x0000000092e00000, 0x0000000092e00000, 0x0000000092f00000|  0%| F|  |TAMS 0x0000000092e00000| PB 0x0000000092e00000| Untracked 
| 303|0x0000000092f00000, 0x0000000092f00000, 0x0000000093000000|  0%| F|  |TAMS 0x0000000092f00000| PB 0x0000000092f00000| Untracked 
| 304|0x0000000093000000, 0x0000000093000000, 0x0000000093100000|  0%| F|  |TAMS 0x0000000093000000| PB 0x0000000093000000| Untracked 
| 305|0x0000000093100000, 0x0000000093100000, 0x0000000093200000|  0%| F|  |TAMS 0x0000000093100000| PB 0x0000000093100000| Untracked 
| 306|0x0000000093200000, 0x0000000093200000, 0x0000000093300000|  0%| F|  |TAMS 0x0000000093200000| PB 0x0000000093200000| Untracked 
| 307|0x0000000093300000, 0x0000000093300000, 0x0000000093400000|  0%| F|  |TAMS 0x0000000093300000| PB 0x0000000093300000| Untracked 
| 308|0x0000000093400000, 0x0000000093400000, 0x0000000093500000|  0%| F|  |TAMS 0x0000000093400000| PB 0x0000000093400000| Untracked 
| 309|0x0000000093500000, 0x0000000093500000, 0x0000000093600000|  0%| F|  |TAMS 0x0000000093500000| PB 0x0000000093500000| Untracked 
| 310|0x0000000093600000, 0x0000000093600000, 0x0000000093700000|  0%| F|  |TAMS 0x0000000093600000| PB 0x0000000093600000| Untracked 
| 311|0x0000000093700000, 0x0000000093700000, 0x0000000093800000|  0%| F|  |TAMS 0x0000000093700000| PB 0x0000000093700000| Untracked 
| 312|0x0000000093800000, 0x0000000093800000, 0x0000000093900000|  0%| F|  |TAMS 0x0000000093800000| PB 0x0000000093800000| Untracked 
| 313|0x0000000093900000, 0x0000000093900000, 0x0000000093a00000|  0%| F|  |TAMS 0x0000000093900000| PB 0x0000000093900000| Untracked 
| 314|0x0000000093a00000, 0x0000000093ac8810, 0x0000000093b00000| 78%| S|CS|TAMS 0x0000000093a00000| PB 0x0000000093a00000| Complete 
| 315|0x0000000093b00000, 0x0000000093c00000, 0x0000000093c00000|100%| S|CS|TAMS 0x0000000093b00000| PB 0x0000000093b00000| Complete 
| 316|0x0000000093c00000, 0x0000000093d00000, 0x0000000093d00000|100%| S|CS|TAMS 0x0000000093c00000| PB 0x0000000093c00000| Complete 
| 317|0x0000000093d00000, 0x0000000093e00000, 0x0000000093e00000|100%| S|CS|TAMS 0x0000000093d00000| PB 0x0000000093d00000| Complete 
| 318|0x0000000093e00000, 0x0000000093f00000, 0x0000000093f00000|100%| S|CS|TAMS 0x0000000093e00000| PB 0x0000000093e00000| Complete 
| 319|0x0000000093f00000, 0x0000000094000000, 0x0000000094000000|100%| S|CS|TAMS 0x0000000093f00000| PB 0x0000000093f00000| Complete 
| 320|0x0000000094000000, 0x0000000094100000, 0x0000000094100000|100%| S|CS|TAMS 0x0000000094000000| PB 0x0000000094000000| Complete 
| 321|0x0000000094100000, 0x0000000094200000, 0x0000000094200000|100%| S|CS|TAMS 0x0000000094100000| PB 0x0000000094100000| Complete 
| 322|0x0000000094200000, 0x0000000094300000, 0x0000000094300000|100%| S|CS|TAMS 0x0000000094200000| PB 0x0000000094200000| Complete 
| 323|0x0000000094300000, 0x0000000094400000, 0x0000000094400000|100%| S|CS|TAMS 0x0000000094300000| PB 0x0000000094300000| Complete 
| 324|0x0000000094400000, 0x0000000094500000, 0x0000000094500000|100%| S|CS|TAMS 0x0000000094400000| PB 0x0000000094400000| Complete 
| 325|0x0000000094500000, 0x0000000094500000, 0x0000000094600000|  0%| F|  |TAMS 0x0000000094500000| PB 0x0000000094500000| Untracked 
| 326|0x0000000094600000, 0x0000000094600000, 0x0000000094700000|  0%| F|  |TAMS 0x0000000094600000| PB 0x0000000094600000| Untracked 
| 327|0x0000000094700000, 0x0000000094700000, 0x0000000094800000|  0%| F|  |TAMS 0x0000000094700000| PB 0x0000000094700000| Untracked 
| 328|0x0000000094800000, 0x0000000094800000, 0x0000000094900000|  0%| F|  |TAMS 0x0000000094800000| PB 0x0000000094800000| Untracked 
| 329|0x0000000094900000, 0x0000000094900000, 0x0000000094a00000|  0%| F|  |TAMS 0x0000000094900000| PB 0x0000000094900000| Untracked 
| 330|0x0000000094a00000, 0x0000000094a00000, 0x0000000094b00000|  0%| F|  |TAMS 0x0000000094a00000| PB 0x0000000094a00000| Untracked 
| 331|0x0000000094b00000, 0x0000000094b00000, 0x0000000094c00000|  0%| F|  |TAMS 0x0000000094b00000| PB 0x0000000094b00000| Untracked 
| 332|0x0000000094c00000, 0x0000000094c00000, 0x0000000094d00000|  0%| F|  |TAMS 0x0000000094c00000| PB 0x0000000094c00000| Untracked 
| 333|0x0000000094d00000, 0x0000000094d00000, 0x0000000094e00000|  0%| F|  |TAMS 0x0000000094d00000| PB 0x0000000094d00000| Untracked 
| 334|0x0000000094e00000, 0x0000000094e00000, 0x0000000094f00000|  0%| F|  |TAMS 0x0000000094e00000| PB 0x0000000094e00000| Untracked 
| 335|0x0000000094f00000, 0x0000000094f00000, 0x0000000095000000|  0%| F|  |TAMS 0x0000000094f00000| PB 0x0000000094f00000| Untracked 
| 336|0x0000000095000000, 0x0000000095000000, 0x0000000095100000|  0%| F|  |TAMS 0x0000000095000000| PB 0x0000000095000000| Untracked 
| 337|0x0000000095100000, 0x0000000095100000, 0x0000000095200000|  0%| F|  |TAMS 0x0000000095100000| PB 0x0000000095100000| Untracked 
| 338|0x0000000095200000, 0x0000000095200000, 0x0000000095300000|  0%| F|  |TAMS 0x0000000095200000| PB 0x0000000095200000| Untracked 
| 339|0x0000000095300000, 0x0000000095300000, 0x0000000095400000|  0%| F|  |TAMS 0x0000000095300000| PB 0x0000000095300000| Untracked 
| 340|0x0000000095400000, 0x0000000095400000, 0x0000000095500000|  0%| F|  |TAMS 0x0000000095400000| PB 0x0000000095400000| Untracked 
| 341|0x0000000095500000, 0x0000000095500000, 0x0000000095600000|  0%| F|  |TAMS 0x0000000095500000| PB 0x0000000095500000| Untracked 
| 342|0x0000000095600000, 0x0000000095600000, 0x0000000095700000|  0%| F|  |TAMS 0x0000000095600000| PB 0x0000000095600000| Untracked 
| 343|0x0000000095700000, 0x0000000095700000, 0x0000000095800000|  0%| F|  |TAMS 0x0000000095700000| PB 0x0000000095700000| Untracked 
| 344|0x0000000095800000, 0x0000000095800000, 0x0000000095900000|  0%| F|  |TAMS 0x0000000095800000| PB 0x0000000095800000| Untracked 
| 345|0x0000000095900000, 0x0000000095900000, 0x0000000095a00000|  0%| F|  |TAMS 0x0000000095900000| PB 0x0000000095900000| Untracked 
| 346|0x0000000095a00000, 0x0000000095a00000, 0x0000000095b00000|  0%| F|  |TAMS 0x0000000095a00000| PB 0x0000000095a00000| Untracked 
| 347|0x0000000095b00000, 0x0000000095b00000, 0x0000000095c00000|  0%| F|  |TAMS 0x0000000095b00000| PB 0x0000000095b00000| Untracked 
| 348|0x0000000095c00000, 0x0000000095c00000, 0x0000000095d00000|  0%| F|  |TAMS 0x0000000095c00000| PB 0x0000000095c00000| Untracked 
| 349|0x0000000095d00000, 0x0000000095d00000, 0x0000000095e00000|  0%| F|  |TAMS 0x0000000095d00000| PB 0x0000000095d00000| Untracked 
| 350|0x0000000095e00000, 0x0000000095e00000, 0x0000000095f00000|  0%| F|  |TAMS 0x0000000095e00000| PB 0x0000000095e00000| Untracked 
| 351|0x0000000095f00000, 0x0000000095f00000, 0x0000000096000000|  0%| F|  |TAMS 0x0000000095f00000| PB 0x0000000095f00000| Untracked 
| 352|0x0000000096000000, 0x0000000096000000, 0x0000000096100000|  0%| F|  |TAMS 0x0000000096000000| PB 0x0000000096000000| Untracked 
| 353|0x0000000096100000, 0x0000000096100000, 0x0000000096200000|  0%| F|  |TAMS 0x0000000096100000| PB 0x0000000096100000| Untracked 
| 354|0x0000000096200000, 0x0000000096200000, 0x0000000096300000|  0%| F|  |TAMS 0x0000000096200000| PB 0x0000000096200000| Untracked 
| 355|0x0000000096300000, 0x0000000096300000, 0x0000000096400000|  0%| F|  |TAMS 0x0000000096300000| PB 0x0000000096300000| Untracked 
| 356|0x0000000096400000, 0x0000000096400000, 0x0000000096500000|  0%| F|  |TAMS 0x0000000096400000| PB 0x0000000096400000| Untracked 
| 357|0x0000000096500000, 0x0000000096500000, 0x0000000096600000|  0%| F|  |TAMS 0x0000000096500000| PB 0x0000000096500000| Untracked 
| 358|0x0000000096600000, 0x0000000096600000, 0x0000000096700000|  0%| F|  |TAMS 0x0000000096600000| PB 0x0000000096600000| Untracked 
| 359|0x0000000096700000, 0x0000000096700000, 0x0000000096800000|  0%| F|  |TAMS 0x0000000096700000| PB 0x0000000096700000| Untracked 
| 360|0x0000000096800000, 0x0000000096800000, 0x0000000096900000|  0%| F|  |TAMS 0x0000000096800000| PB 0x0000000096800000| Untracked 
| 361|0x0000000096900000, 0x0000000096900000, 0x0000000096a00000|  0%| F|  |TAMS 0x0000000096900000| PB 0x0000000096900000| Untracked 
| 362|0x0000000096a00000, 0x0000000096a00000, 0x0000000096b00000|  0%| F|  |TAMS 0x0000000096a00000| PB 0x0000000096a00000| Untracked 
| 363|0x0000000096b00000, 0x0000000096b00000, 0x0000000096c00000|  0%| F|  |TAMS 0x0000000096b00000| PB 0x0000000096b00000| Untracked 
| 364|0x0000000096c00000, 0x0000000096c00000, 0x0000000096d00000|  0%| F|  |TAMS 0x0000000096c00000| PB 0x0000000096c00000| Untracked 
| 365|0x0000000096d00000, 0x0000000096d00000, 0x0000000096e00000|  0%| F|  |TAMS 0x0000000096d00000| PB 0x0000000096d00000| Untracked 
| 366|0x0000000096e00000, 0x0000000096e00000, 0x0000000096f00000|  0%| F|  |TAMS 0x0000000096e00000| PB 0x0000000096e00000| Untracked 
| 367|0x0000000096f00000, 0x0000000096f00000, 0x0000000097000000|  0%| F|  |TAMS 0x0000000096f00000| PB 0x0000000096f00000| Untracked 
| 368|0x0000000097000000, 0x0000000097000000, 0x0000000097100000|  0%| F|  |TAMS 0x0000000097000000| PB 0x0000000097000000| Untracked 
| 369|0x0000000097100000, 0x0000000097100000, 0x0000000097200000|  0%| F|  |TAMS 0x0000000097100000| PB 0x0000000097100000| Untracked 
| 370|0x0000000097200000, 0x0000000097200000, 0x0000000097300000|  0%| F|  |TAMS 0x0000000097200000| PB 0x0000000097200000| Untracked 
| 371|0x0000000097300000, 0x0000000097300000, 0x0000000097400000|  0%| F|  |TAMS 0x0000000097300000| PB 0x0000000097300000| Untracked 
| 372|0x0000000097400000, 0x0000000097400000, 0x0000000097500000|  0%| F|  |TAMS 0x0000000097400000| PB 0x0000000097400000| Untracked 
| 373|0x0000000097500000, 0x0000000097500000, 0x0000000097600000|  0%| F|  |TAMS 0x0000000097500000| PB 0x0000000097500000| Untracked 
| 374|0x0000000097600000, 0x0000000097600000, 0x0000000097700000|  0%| F|  |TAMS 0x0000000097600000| PB 0x0000000097600000| Untracked 
| 375|0x0000000097700000, 0x0000000097700000, 0x0000000097800000|  0%| F|  |TAMS 0x0000000097700000| PB 0x0000000097700000| Untracked 
| 376|0x0000000097800000, 0x0000000097800000, 0x0000000097900000|  0%| F|  |TAMS 0x0000000097800000| PB 0x0000000097800000| Untracked 
| 377|0x0000000097900000, 0x0000000097900000, 0x0000000097a00000|  0%| F|  |TAMS 0x0000000097900000| PB 0x0000000097900000| Untracked 
| 378|0x0000000097a00000, 0x0000000097a00000, 0x0000000097b00000|  0%| F|  |TAMS 0x0000000097a00000| PB 0x0000000097a00000| Untracked 
| 379|0x0000000097b00000, 0x0000000097b00000, 0x0000000097c00000|  0%| F|  |TAMS 0x0000000097b00000| PB 0x0000000097b00000| Untracked 
| 380|0x0000000097c00000, 0x0000000097c00000, 0x0000000097d00000|  0%| F|  |TAMS 0x0000000097c00000| PB 0x0000000097c00000| Untracked 
| 381|0x0000000097d00000, 0x0000000097d00000, 0x0000000097e00000|  0%| F|  |TAMS 0x0000000097d00000| PB 0x0000000097d00000| Untracked 
| 382|0x0000000097e00000, 0x0000000097e00000, 0x0000000097f00000|  0%| F|  |TAMS 0x0000000097e00000| PB 0x0000000097e00000| Untracked 
| 383|0x0000000097f00000, 0x0000000097f00000, 0x0000000098000000|  0%| F|  |TAMS 0x0000000097f00000| PB 0x0000000097f00000| Untracked 
| 384|0x0000000098000000, 0x0000000098000000, 0x0000000098100000|  0%| F|  |TAMS 0x0000000098000000| PB 0x0000000098000000| Untracked 
| 385|0x0000000098100000, 0x0000000098100000, 0x0000000098200000|  0%| F|  |TAMS 0x0000000098100000| PB 0x0000000098100000| Untracked 
| 386|0x0000000098200000, 0x0000000098200000, 0x0000000098300000|  0%| F|  |TAMS 0x0000000098200000| PB 0x0000000098200000| Untracked 
| 387|0x0000000098300000, 0x0000000098300000, 0x0000000098400000|  0%| F|  |TAMS 0x0000000098300000| PB 0x0000000098300000| Untracked 
| 388|0x0000000098400000, 0x0000000098400000, 0x0000000098500000|  0%| F|  |TAMS 0x0000000098400000| PB 0x0000000098400000| Untracked 
| 389|0x0000000098500000, 0x0000000098500000, 0x0000000098600000|  0%| F|  |TAMS 0x0000000098500000| PB 0x0000000098500000| Untracked 
| 390|0x0000000098600000, 0x0000000098600000, 0x0000000098700000|  0%| F|  |TAMS 0x0000000098600000| PB 0x0000000098600000| Untracked 
| 391|0x0000000098700000, 0x0000000098700000, 0x0000000098800000|  0%| F|  |TAMS 0x0000000098700000| PB 0x0000000098700000| Untracked 
| 392|0x0000000098800000, 0x0000000098800000, 0x0000000098900000|  0%| F|  |TAMS 0x0000000098800000| PB 0x0000000098800000| Untracked 
| 393|0x0000000098900000, 0x0000000098900000, 0x0000000098a00000|  0%| F|  |TAMS 0x0000000098900000| PB 0x0000000098900000| Untracked 
| 394|0x0000000098a00000, 0x0000000098a00000, 0x0000000098b00000|  0%| F|  |TAMS 0x0000000098a00000| PB 0x0000000098a00000| Untracked 
| 395|0x0000000098b00000, 0x0000000098b00000, 0x0000000098c00000|  0%| F|  |TAMS 0x0000000098b00000| PB 0x0000000098b00000| Untracked 
| 396|0x0000000098c00000, 0x0000000098c00000, 0x0000000098d00000|  0%| F|  |TAMS 0x0000000098c00000| PB 0x0000000098c00000| Untracked 
| 397|0x0000000098d00000, 0x0000000098d00000, 0x0000000098e00000|  0%| F|  |TAMS 0x0000000098d00000| PB 0x0000000098d00000| Untracked 
| 398|0x0000000098e00000, 0x0000000098e00000, 0x0000000098f00000|  0%| F|  |TAMS 0x0000000098e00000| PB 0x0000000098e00000| Untracked 
| 399|0x0000000098f00000, 0x0000000098f00000, 0x0000000099000000|  0%| F|  |TAMS 0x0000000098f00000| PB 0x0000000098f00000| Untracked 
| 400|0x0000000099000000, 0x0000000099000000, 0x0000000099100000|  0%| F|  |TAMS 0x0000000099000000| PB 0x0000000099000000| Untracked 
| 401|0x0000000099100000, 0x0000000099100000, 0x0000000099200000|  0%| F|  |TAMS 0x0000000099100000| PB 0x0000000099100000| Untracked 
| 402|0x0000000099200000, 0x0000000099200000, 0x0000000099300000|  0%| F|  |TAMS 0x0000000099200000| PB 0x0000000099200000| Untracked 
| 403|0x0000000099300000, 0x0000000099300000, 0x0000000099400000|  0%| F|  |TAMS 0x0000000099300000| PB 0x0000000099300000| Untracked 
| 404|0x0000000099400000, 0x0000000099400000, 0x0000000099500000|  0%| F|  |TAMS 0x0000000099400000| PB 0x0000000099400000| Untracked 
| 405|0x0000000099500000, 0x0000000099500000, 0x0000000099600000|  0%| F|  |TAMS 0x0000000099500000| PB 0x0000000099500000| Untracked 
| 406|0x0000000099600000, 0x0000000099600000, 0x0000000099700000|  0%| F|  |TAMS 0x0000000099600000| PB 0x0000000099600000| Untracked 
| 407|0x0000000099700000, 0x0000000099700000, 0x0000000099800000|  0%| F|  |TAMS 0x0000000099700000| PB 0x0000000099700000| Untracked 
| 408|0x0000000099800000, 0x0000000099800000, 0x0000000099900000|  0%| F|  |TAMS 0x0000000099800000| PB 0x0000000099800000| Untracked 
| 409|0x0000000099900000, 0x0000000099900000, 0x0000000099a00000|  0%| F|  |TAMS 0x0000000099900000| PB 0x0000000099900000| Untracked 
| 410|0x0000000099a00000, 0x0000000099a00000, 0x0000000099b00000|  0%| F|  |TAMS 0x0000000099a00000| PB 0x0000000099a00000| Untracked 
| 411|0x0000000099b00000, 0x0000000099b00000, 0x0000000099c00000|  0%| F|  |TAMS 0x0000000099b00000| PB 0x0000000099b00000| Untracked 
| 412|0x0000000099c00000, 0x0000000099c00000, 0x0000000099d00000|  0%| F|  |TAMS 0x0000000099c00000| PB 0x0000000099c00000| Untracked 
| 413|0x0000000099d00000, 0x0000000099d00000, 0x0000000099e00000|  0%| F|  |TAMS 0x0000000099d00000| PB 0x0000000099d00000| Untracked 
| 414|0x0000000099e00000, 0x0000000099e00000, 0x0000000099f00000|  0%| F|  |TAMS 0x0000000099e00000| PB 0x0000000099e00000| Untracked 
| 415|0x0000000099f00000, 0x0000000099f00000, 0x000000009a000000|  0%| F|  |TAMS 0x0000000099f00000| PB 0x0000000099f00000| Untracked 
| 416|0x000000009a000000, 0x000000009a000000, 0x000000009a100000|  0%| F|  |TAMS 0x000000009a000000| PB 0x000000009a000000| Untracked 
| 417|0x000000009a100000, 0x000000009a100000, 0x000000009a200000|  0%| F|  |TAMS 0x000000009a100000| PB 0x000000009a100000| Untracked 
| 418|0x000000009a200000, 0x000000009a200000, 0x000000009a300000|  0%| F|  |TAMS 0x000000009a200000| PB 0x000000009a200000| Untracked 
| 419|0x000000009a300000, 0x000000009a300000, 0x000000009a400000|  0%| F|  |TAMS 0x000000009a300000| PB 0x000000009a300000| Untracked 
| 420|0x000000009a400000, 0x000000009a400000, 0x000000009a500000|  0%| F|  |TAMS 0x000000009a400000| PB 0x000000009a400000| Untracked 
| 421|0x000000009a500000, 0x000000009a500000, 0x000000009a600000|  0%| F|  |TAMS 0x000000009a500000| PB 0x000000009a500000| Untracked 
| 422|0x000000009a600000, 0x000000009a600000, 0x000000009a700000|  0%| F|  |TAMS 0x000000009a600000| PB 0x000000009a600000| Untracked 
| 423|0x000000009a700000, 0x000000009a700000, 0x000000009a800000|  0%| F|  |TAMS 0x000000009a700000| PB 0x000000009a700000| Untracked 
| 424|0x000000009a800000, 0x000000009a800000, 0x000000009a900000|  0%| F|  |TAMS 0x000000009a800000| PB 0x000000009a800000| Untracked 
| 425|0x000000009a900000, 0x000000009a900000, 0x000000009aa00000|  0%| F|  |TAMS 0x000000009a900000| PB 0x000000009a900000| Untracked 
| 426|0x000000009aa00000, 0x000000009aa00000, 0x000000009ab00000|  0%| F|  |TAMS 0x000000009aa00000| PB 0x000000009aa00000| Untracked 
| 427|0x000000009ab00000, 0x000000009ab00000, 0x000000009ac00000|  0%| F|  |TAMS 0x000000009ab00000| PB 0x000000009ab00000| Untracked 
| 428|0x000000009ac00000, 0x000000009ac00000, 0x000000009ad00000|  0%| F|  |TAMS 0x000000009ac00000| PB 0x000000009ac00000| Untracked 
| 429|0x000000009ad00000, 0x000000009ad00000, 0x000000009ae00000|  0%| F|  |TAMS 0x000000009ad00000| PB 0x000000009ad00000| Untracked 
| 430|0x000000009ae00000, 0x000000009ae00000, 0x000000009af00000|  0%| F|  |TAMS 0x000000009ae00000| PB 0x000000009ae00000| Untracked 
| 431|0x000000009af00000, 0x000000009af00000, 0x000000009b000000|  0%| F|  |TAMS 0x000000009af00000| PB 0x000000009af00000| Untracked 
| 432|0x000000009b000000, 0x000000009b000000, 0x000000009b100000|  0%| F|  |TAMS 0x000000009b000000| PB 0x000000009b000000| Untracked 
| 433|0x000000009b100000, 0x000000009b100000, 0x000000009b200000|  0%| F|  |TAMS 0x000000009b100000| PB 0x000000009b100000| Untracked 
| 434|0x000000009b200000, 0x000000009b200000, 0x000000009b300000|  0%| F|  |TAMS 0x000000009b200000| PB 0x000000009b200000| Untracked 
| 435|0x000000009b300000, 0x000000009b300000, 0x000000009b400000|  0%| F|  |TAMS 0x000000009b300000| PB 0x000000009b300000| Untracked 
| 436|0x000000009b400000, 0x000000009b400000, 0x000000009b500000|  0%| F|  |TAMS 0x000000009b400000| PB 0x000000009b400000| Untracked 
| 437|0x000000009b500000, 0x000000009b500000, 0x000000009b600000|  0%| F|  |TAMS 0x000000009b500000| PB 0x000000009b500000| Untracked 
| 438|0x000000009b600000, 0x000000009b600000, 0x000000009b700000|  0%| F|  |TAMS 0x000000009b600000| PB 0x000000009b600000| Untracked 
| 439|0x000000009b700000, 0x000000009b700000, 0x000000009b800000|  0%| F|  |TAMS 0x000000009b700000| PB 0x000000009b700000| Untracked 
| 440|0x000000009b800000, 0x000000009b800000, 0x000000009b900000|  0%| F|  |TAMS 0x000000009b800000| PB 0x000000009b800000| Untracked 
| 441|0x000000009b900000, 0x000000009b900000, 0x000000009ba00000|  0%| F|  |TAMS 0x000000009b900000| PB 0x000000009b900000| Untracked 
| 442|0x000000009ba00000, 0x000000009ba00000, 0x000000009bb00000|  0%| F|  |TAMS 0x000000009ba00000| PB 0x000000009ba00000| Untracked 
|2004|0x00000000fd400000, 0x00000000fd400000, 0x00000000fd500000|  0%| F|  |TAMS 0x00000000fd400000| PB 0x00000000fd400000| Untracked 
|2005|0x00000000fd500000, 0x00000000fd600000, 0x00000000fd600000|100%| O|  |TAMS 0x00000000fd600000| PB 0x00000000fd500000| Untracked 
|2006|0x00000000fd600000, 0x00000000fd700000, 0x00000000fd700000|100%| O|  |TAMS 0x00000000fd700000| PB 0x00000000fd600000| Updating 
|2007|0x00000000fd700000, 0x00000000fd700000, 0x00000000fd800000|  0%| F|  |TAMS 0x00000000fd700000| PB 0x00000000fd700000| Untracked 
|2008|0x00000000fd800000, 0x00000000fd800000, 0x00000000fd900000|  0%| F|  |TAMS 0x00000000fd800000| PB 0x00000000fd800000| Untracked 
|2009|0x00000000fd900000, 0x00000000fd900000, 0x00000000fda00000|  0%| F|  |TAMS 0x00000000fd900000| PB 0x00000000fd900000| Untracked 
|2010|0x00000000fda00000, 0x00000000fda00000, 0x00000000fdb00000|  0%| F|  |TAMS 0x00000000fda00000| PB 0x00000000fda00000| Untracked 
|2011|0x00000000fdb00000, 0x00000000fdb00000, 0x00000000fdc00000|  0%| F|  |TAMS 0x00000000fdb00000| PB 0x00000000fdb00000| Untracked 
|2012|0x00000000fdc00000, 0x00000000fdc00000, 0x00000000fdd00000|  0%| F|  |TAMS 0x00000000fdc00000| PB 0x00000000fdc00000| Untracked 
|2013|0x00000000fdd00000, 0x00000000fdd00000, 0x00000000fde00000|  0%| F|  |TAMS 0x00000000fdd00000| PB 0x00000000fdd00000| Untracked 
|2014|0x00000000fde00000, 0x00000000fde00000, 0x00000000fdf00000|  0%| F|  |TAMS 0x00000000fde00000| PB 0x00000000fde00000| Untracked 
|2015|0x00000000fdf00000, 0x00000000fdf00000, 0x00000000fe000000|  0%| F|  |TAMS 0x00000000fdf00000| PB 0x00000000fdf00000| Untracked 
|2016|0x00000000fe000000, 0x00000000fe000000, 0x00000000fe100000|  0%| F|  |TAMS 0x00000000fe000000| PB 0x00000000fe000000| Untracked 
|2017|0x00000000fe100000, 0x00000000fe100000, 0x00000000fe200000|  0%| F|  |TAMS 0x00000000fe100000| PB 0x00000000fe100000| Untracked 
|2018|0x00000000fe200000, 0x00000000fe200000, 0x00000000fe300000|  0%| F|  |TAMS 0x00000000fe200000| PB 0x00000000fe200000| Untracked 
|2019|0x00000000fe300000, 0x00000000fe300000, 0x00000000fe400000|  0%| F|  |TAMS 0x00000000fe300000| PB 0x00000000fe300000| Untracked 
|2020|0x00000000fe400000, 0x00000000fe400000, 0x00000000fe500000|  0%| F|  |TAMS 0x00000000fe400000| PB 0x00000000fe400000| Untracked 
|2021|0x00000000fe500000, 0x00000000fe500000, 0x00000000fe600000|  0%| F|  |TAMS 0x00000000fe500000| PB 0x00000000fe500000| Untracked 
|2022|0x00000000fe600000, 0x00000000fe600000, 0x00000000fe700000|  0%| F|  |TAMS 0x00000000fe600000| PB 0x00000000fe600000| Untracked 
|2023|0x00000000fe700000, 0x00000000fe700000, 0x00000000fe800000|  0%| F|  |TAMS 0x00000000fe700000| PB 0x00000000fe700000| Untracked 
|2024|0x00000000fe800000, 0x00000000fe800000, 0x00000000fe900000|  0%| F|  |TAMS 0x00000000fe800000| PB 0x00000000fe800000| Untracked 
|2025|0x00000000fe900000, 0x00000000fe900000, 0x00000000fea00000|  0%| F|  |TAMS 0x00000000fe900000| PB 0x00000000fe900000| Untracked 
|2026|0x00000000fea00000, 0x00000000fea00000, 0x00000000feb00000|  0%| F|  |TAMS 0x00000000fea00000| PB 0x00000000fea00000| Untracked 
|2027|0x00000000feb00000, 0x00000000feb00000, 0x00000000fec00000|  0%| F|  |TAMS 0x00000000feb00000| PB 0x00000000feb00000| Untracked 
|2028|0x00000000fec00000, 0x00000000fec00000, 0x00000000fed00000|  0%| F|  |TAMS 0x00000000fec00000| PB 0x00000000fec00000| Untracked 
|2029|0x00000000fed00000, 0x00000000fed00000, 0x00000000fee00000|  0%| F|  |TAMS 0x00000000fed00000| PB 0x00000000fed00000| Untracked 
|2030|0x00000000fee00000, 0x00000000fef00000, 0x00000000fef00000|100%| O|  |TAMS 0x00000000fef00000| PB 0x00000000fee00000| Updating 
|2031|0x00000000fef00000, 0x00000000fef00000, 0x00000000ff000000|  0%| F|  |TAMS 0x00000000fef00000| PB 0x00000000fef00000| Untracked 
|2032|0x00000000ff000000, 0x00000000ff000000, 0x00000000ff100000|  0%| F|  |TAMS 0x00000000ff000000| PB 0x00000000ff000000| Untracked 
|2033|0x00000000ff100000, 0x00000000ff200000, 0x00000000ff200000|100%| O|  |TAMS 0x00000000ff200000| PB 0x00000000ff100000| Untracked 
|2034|0x00000000ff200000, 0x00000000ff200000, 0x00000000ff300000|  0%| F|  |TAMS 0x00000000ff200000| PB 0x00000000ff200000| Untracked 
|2035|0x00000000ff300000, 0x00000000ff400000, 0x00000000ff400000|100%| O|  |TAMS 0x00000000ff400000| PB 0x00000000ff300000| Untracked 
|2036|0x00000000ff400000, 0x00000000ff500000, 0x00000000ff500000|100%| O|  |TAMS 0x00000000ff500000| PB 0x00000000ff400000| Updating 
|2037|0x00000000ff500000, 0x00000000ff500000, 0x00000000ff600000|  0%| F|  |TAMS 0x00000000ff500000| PB 0x00000000ff500000| Untracked 
|2038|0x00000000ff600000, 0x00000000ff600000, 0x00000000ff700000|  0%| F|  |TAMS 0x00000000ff600000| PB 0x00000000ff600000| Untracked 
|2039|0x00000000ff700000, 0x00000000ff700000, 0x00000000ff800000|  0%| F|  |TAMS 0x00000000ff700000| PB 0x00000000ff700000| Untracked 
|2040|0x00000000ff800000, 0x00000000ff900000, 0x00000000ff900000|100%| O|  |TAMS 0x00000000ff900000| PB 0x00000000ff800000| Updating 
|2041|0x00000000ff900000, 0x00000000ffa00000, 0x00000000ffa00000|100%| O|  |TAMS 0x00000000ffa00000| PB 0x00000000ff900000| Updating 
|2042|0x00000000ffa00000, 0x00000000ffb00000, 0x00000000ffb00000|100%| O|  |TAMS 0x00000000ffb00000| PB 0x00000000ffa00000| Untracked 
|2043|0x00000000ffb00000, 0x00000000ffc00000, 0x00000000ffc00000|100%| O|  |TAMS 0x00000000ffc00000| PB 0x00000000ffb00000| Untracked 
|2044|0x00000000ffc00000, 0x00000000ffd00000, 0x00000000ffd00000|100%| O|  |TAMS 0x00000000ffd00000| PB 0x00000000ffc00000| Untracked 
|2045|0x00000000ffd00000, 0x00000000ffe00000, 0x00000000ffe00000|100%| O|  |TAMS 0x00000000ffe00000| PB 0x00000000ffd00000| Untracked 
|2046|0x00000000ffe00000, 0x00000000fff00000, 0x00000000fff00000|100%| O|  |TAMS 0x00000000fff00000| PB 0x00000000ffe00000| Untracked 
|2047|0x00000000fff00000, 0x0000000100000000, 0x0000000100000000|100%| O|  |TAMS 0x0000000100000000| PB 0x00000000fff00000| Updating 

Card table byte_map: [0x0000020726950000,0x0000020726d50000] _byte_map_base: 0x0000020726550000

Marking Bits: (CMBitMap*) 0x00000207112b9c20
 Bits: [0x0000020726d50000, 0x0000020728d50000)

Polling page: 0x000002070f180000

Metaspace:

Usage:
  Non-class:    174.01 MB used.
      Class:     24.23 MB used.
       Both:    198.24 MB used.

Virtual space:
  Non-class space:      192.00 MB reserved,     175.62 MB ( 91%) committed,  3 nodes.
      Class space:      416.00 MB reserved,      25.88 MB (  6%) committed,  1 nodes.
             Both:      608.00 MB reserved,     201.50 MB ( 33%) committed. 

Chunk freelists:
   Non-Class:  15.70 MB
       Class:  6.17 MB
        Both:  21.88 MB

MaxMetaspaceSize: 512.00 MB
CompressedClassSpaceSize: 416.00 MB
Initial GC threshold: 21.00 MB
Current GC threshold: 334.50 MB
CDS: on
 - commit_granule_bytes: 65536.
 - commit_granule_words: 8192.
 - virtual_space_node_default_size: 8388608.
 - enlarge_chunks_in_place: 1.
 - use_allocation_guard: 0.


Internal statistics:

num_allocs_failed_limit: 6.
num_arena_births: 5816.
num_arena_deaths: 150.
num_vsnodes_births: 4.
num_vsnodes_deaths: 0.
num_space_committed: 3222.
num_space_uncommitted: 0.
num_chunks_returned_to_freelist: 225.
num_chunks_taken_from_freelist: 15035.
num_chunk_merges: 47.
num_chunk_splits: 10026.
num_chunks_enlarged: 6570.
num_inconsistent_stats: 0.

CodeHeap 'non-profiled nmethods': size=120000Kb used=14173Kb max_used=17950Kb free=105826Kb
 bounds [0x000002071ece0000, 0x000002071fe70000, 0x0000020726210000]
CodeHeap 'profiled nmethods': size=120000Kb used=30214Kb max_used=63527Kb free=89785Kb
 bounds [0x0000020717210000, 0x000002071b090000, 0x000002071e740000]
CodeHeap 'non-nmethods': size=5760Kb used=3624Kb max_used=3701Kb free=2135Kb
 bounds [0x000002071e740000, 0x000002071eaf0000, 0x000002071ece0000]
 total_blobs=17981 nmethods=16719 adapters=1163
 compilation: enabled
              stopped_count=0, restarted_count=0
 full_count=0

Compilation events (20 events):
Event: 268.268 Thread 0x000002072b7bf950 50929       3       org.jetbrains.kotlin.metadata.jvm.deserialization.JvmMemberSignature$Method::equals (55 bytes)
Event: 268.268 Thread 0x000002072b7bf950 nmethod 50929 0x0000020717b2ba90 code [0x0000020717b2bca0, 0x0000020717b2c390]
Event: 268.269 Thread 0x000002072b7bf950 50930       3       org.jetbrains.org.objectweb.asm.tree.MethodInsnNode::accept (30 bytes)
Event: 268.269 Thread 0x000002072b7bf950 nmethod 50930 0x000002071885d590 code [0x000002071885d740, 0x000002071885d988]
Event: 268.269 Thread 0x000002072b7bf950 50931       3       org.jetbrains.org.objectweb.asm.MethodWriter::visitMethodInsn (191 bytes)
Event: 268.276 Thread 0x000002072b7bf950 nmethod 50931 0x0000020717bd4310 code [0x0000020717bd4560, 0x0000020717bd4d20]
Event: 268.276 Thread 0x000002072b7bf950 50932       3       org.jetbrains.org.objectweb.asm.SymbolTable::addConstantMemberReference (147 bytes)
Event: 268.277 Thread 0x000002072b7bf950 nmethod 50932 0x000002071771ed90 code [0x000002071771f020, 0x000002071771f8b8]
Event: 268.277 Thread 0x000002072b7bf950 50933       2       org.jetbrains.org.objectweb.asm.tree.JumpInsnNode::accept (21 bytes)
Event: 268.278 Thread 0x000002072b7bf950 nmethod 50933 0x0000020718471990 code [0x0000020718471b60, 0x0000020718471db0]
Event: 268.278 Thread 0x000002072b7bf950 50937       3       org.jetbrains.kotlin.metadata.jvm.deserialization.ClassMapperLite::mapClass (58 bytes)
Event: 268.279 Thread 0x000002072b7bf950 nmethod 50937 0x0000020717323410 code [0x0000020717323720, 0x0000020717324480]
Event: 268.279 Thread 0x000002072b7bf950 50934       2       org.jetbrains.org.objectweb.asm.MethodWriter::visitJumpInsn (495 bytes)
Event: 268.280 Thread 0x000002072b7bf950 nmethod 50934 0x000002071790f290 code [0x000002071790f540, 0x000002071790fd20]
Event: 268.280 Thread 0x000002072b7bf950 50935       2       org.jetbrains.org.objectweb.asm.Label::put (83 bytes)
Event: 268.281 Thread 0x000002072b7bf950 nmethod 50935 0x0000020718466610 code [0x0000020718466820, 0x0000020718466ad8]
Event: 268.281 Thread 0x000002072b7bf950 50938       2       org.jetbrains.org.objectweb.asm.MethodWriter::putFrameType (83 bytes)
Event: 268.281 Thread 0x000002072b7bf950 nmethod 50938 0x0000020717f54d90 code [0x0000020717f54fa0, 0x0000020717f55398]
Event: 268.281 Thread 0x000002072b7bf950 50939       3       org.jetbrains.org.objectweb.asm.SymbolTable::addConstantMethodref (24 bytes)
Event: 268.281 Thread 0x000002072b7bf950 nmethod 50939 0x00000207192d9010 code [0x00000207192d91c0, 0x00000207192d9360]

GC Heap History (20 events):
Event: 188.724 GC heap after
{Heap after GC invocations=110 (full 0):
 garbage-first heap   total 481280K, used 216799K [0x0000000080000000, 0x0000000100000000)
  region size 1024K, 5 young (5120K), 5 survivors (5120K)
 Metaspace       used 195773K, committed 199104K, reserved 622592K
  class space    used 24206K, committed 25856K, reserved 425984K
}
Event: 189.725 GC heap before
{Heap before GC invocations=111 (full 0):
 garbage-first heap   total 481280K, used 451295K [0x0000000080000000, 0x0000000100000000)
  region size 1024K, 234 young (239616K), 5 survivors (5120K)
 Metaspace       used 195773K, committed 199104K, reserved 622592K
  class space    used 24206K, committed 25856K, reserved 425984K
}
Event: 189.730 GC heap after
{Heap after GC invocations=112 (full 0):
 garbage-first heap   total 481280K, used 220277K [0x0000000080000000, 0x0000000100000000)
  region size 1024K, 9 young (9216K), 9 survivors (9216K)
 Metaspace       used 195773K, committed 199104K, reserved 622592K
  class space    used 24206K, committed 25856K, reserved 425984K
}
Event: 191.135 GC heap before
{Heap before GC invocations=112 (full 0):
 garbage-first heap   total 481280K, used 462965K [0x0000000080000000, 0x0000000100000000)
  region size 1024K, 230 young (235520K), 9 survivors (9216K)
 Metaspace       used 195797K, committed 199104K, reserved 622592K
  class space    used 24206K, committed 25856K, reserved 425984K
}
Event: 191.173 GC heap after
{Heap after GC invocations=113 (full 0):
 garbage-first heap   total 498688K, used 248434K [0x0000000080000000, 0x0000000100000000)
  region size 1024K, 29 young (29696K), 29 survivors (29696K)
 Metaspace       used 195797K, committed 199104K, reserved 622592K
  class space    used 24206K, committed 25856K, reserved 425984K
}
Event: 248.678 GC heap before
{Heap before GC invocations=113 (full 0):
 garbage-first heap   total 498688K, used 441970K [0x0000000080000000, 0x0000000100000000)
  region size 1024K, 219 young (224256K), 29 survivors (29696K)
 Metaspace       used 197799K, committed 201088K, reserved 622592K
  class space    used 24424K, committed 26048K, reserved 425984K
}
Event: 249.190 GC heap after
{Heap after GC invocations=114 (full 0):
 garbage-first heap   total 498688K, used 262656K [0x0000000080000000, 0x0000000100000000)
  region size 1024K, 22 young (22528K), 22 survivors (22528K)
 Metaspace       used 197799K, committed 201088K, reserved 622592K
  class space    used 24424K, committed 26048K, reserved 425984K
}
Event: 261.350 GC heap before
{Heap before GC invocations=115 (full 0):
 garbage-first heap   total 498688K, used 338432K [0x0000000080000000, 0x0000000100000000)
  region size 1024K, 89 young (91136K), 22 survivors (22528K)
 Metaspace       used 199609K, committed 202944K, reserved 622592K
  class space    used 24504K, committed 26176K, reserved 425984K
}
Event: 261.421 GC heap after
{Heap after GC invocations=116 (full 0):
 garbage-first heap   total 498688K, used 280547K [0x0000000080000000, 0x0000000100000000)
  region size 1024K, 12 young (12288K), 12 survivors (12288K)
 Metaspace       used 199609K, committed 202944K, reserved 622592K
  class space    used 24504K, committed 26176K, reserved 425984K
}
Event: 264.209 GC heap before
{Heap before GC invocations=116 (full 0):
 garbage-first heap   total 498688K, used 455651K [0x0000000080000000, 0x0000000100000000)
  region size 1024K, 184 young (188416K), 12 survivors (12288K)
 Metaspace       used 201147K, committed 204480K, reserved 622592K
  class space    used 24649K, committed 26304K, reserved 425984K
}
Event: 264.276 GC heap after
{Heap after GC invocations=117 (full 0):
 garbage-first heap   total 498688K, used 297984K [0x0000000080000000, 0x0000000100000000)
  region size 1024K, 23 young (23552K), 23 survivors (23552K)
 Metaspace       used 201147K, committed 204480K, reserved 622592K
  class space    used 24649K, committed 26304K, reserved 425984K
}
Event: 264.606 GC heap before
{Heap before GC invocations=117 (full 0):
 garbage-first heap   total 498688K, used 347136K [0x0000000080000000, 0x0000000100000000)
  region size 1024K, 73 young (74752K), 23 survivors (23552K)
 Metaspace       used 201177K, committed 204480K, reserved 622592K
  class space    used 24654K, committed 26304K, reserved 425984K
}
Event: 264.621 GC heap after
{Heap after GC invocations=118 (full 0):
 garbage-first heap   total 498688K, used 303526K [0x0000000080000000, 0x0000000100000000)
  region size 1024K, 4 young (4096K), 4 survivors (4096K)
 Metaspace       used 201177K, committed 204480K, reserved 622592K
  class space    used 24654K, committed 26304K, reserved 425984K
}
Event: 265.273 GC heap before
{Heap before GC invocations=118 (full 0):
 garbage-first heap   total 498688K, used 469414K [0x0000000080000000, 0x0000000100000000)
  region size 1024K, 156 young (159744K), 4 survivors (4096K)
 Metaspace       used 201563K, committed 204928K, reserved 622592K
  class space    used 24687K, committed 26368K, reserved 425984K
}
Event: 265.279 GC heap after
{Heap after GC invocations=119 (full 0):
 garbage-first heap   total 498688K, used 306700K [0x0000000080000000, 0x0000000100000000)
  region size 1024K, 7 young (7168K), 7 survivors (7168K)
 Metaspace       used 201563K, committed 204928K, reserved 622592K
  class space    used 24687K, committed 26368K, reserved 425984K
}
Event: 266.924 GC heap before
{Heap before GC invocations=119 (full 0):
 garbage-first heap   total 498688K, used 452108K [0x0000000080000000, 0x0000000100000000)
  region size 1024K, 159 young (162816K), 7 survivors (7168K)
 Metaspace       used 202165K, committed 205504K, reserved 622592K
  class space    used 24749K, committed 26432K, reserved 425984K
}
Event: 266.931 GC heap after
{Heap after GC invocations=120 (full 0):
 garbage-first heap   total 498688K, used 300297K [0x0000000080000000, 0x0000000100000000)
  region size 1024K, 9 young (9216K), 9 survivors (9216K)
 Metaspace       used 202165K, committed 205504K, reserved 622592K
  class space    used 24749K, committed 26432K, reserved 425984K
}
Event: 267.721 GC heap before
{Heap before GC invocations=120 (full 0):
 garbage-first heap   total 498688K, used 463113K [0x0000000080000000, 0x0000000100000000)
  region size 1024K, 168 young (172032K), 9 survivors (9216K)
 Metaspace       used 202758K, committed 206080K, reserved 622592K
  class space    used 24795K, committed 26432K, reserved 425984K
}
Event: 267.752 GC heap after
{Heap after GC invocations=121 (full 0):
 garbage-first heap   total 498688K, used 306545K [0x0000000080000000, 0x0000000100000000)
  region size 1024K, 14 young (14336K), 14 survivors (14336K)
 Metaspace       used 202758K, committed 206080K, reserved 622592K
  class space    used 24795K, committed 26432K, reserved 425984K
}
Event: 268.306 GC heap before
{Heap before GC invocations=121 (full 0):
 garbage-first heap   total 498688K, used 459121K [0x0000000080000000, 0x0000000100000000)
  region size 1024K, 162 young (165888K), 14 survivors (14336K)
 Metaspace       used 202996K, committed 206336K, reserved 622592K
  class space    used 24808K, committed 26496K, reserved 425984K
}

Dll operation events (16 events):
Event: 0.023 Loaded shared library C:\Program Files\Eclipse Adoptium\jre-21.0.5.11-hotspot\bin\java.dll
Event: 0.066 Loaded shared library C:\Program Files\Eclipse Adoptium\jre-21.0.5.11-hotspot\bin\jsvml.dll
Event: 0.143 Loaded shared library C:\Program Files\Eclipse Adoptium\jre-21.0.5.11-hotspot\bin\zip.dll
Event: 0.150 Loaded shared library C:\Program Files\Eclipse Adoptium\jre-21.0.5.11-hotspot\bin\instrument.dll
Event: 0.158 Loaded shared library C:\Program Files\Eclipse Adoptium\jre-21.0.5.11-hotspot\bin\net.dll
Event: 0.162 Loaded shared library C:\Program Files\Eclipse Adoptium\jre-21.0.5.11-hotspot\bin\nio.dll
Event: 0.165 Loaded shared library C:\Program Files\Eclipse Adoptium\jre-21.0.5.11-hotspot\bin\zip.dll
Event: 0.471 Loaded shared library C:\Program Files\Eclipse Adoptium\jre-21.0.5.11-hotspot\bin\jimage.dll
Event: 0.712 Loaded shared library C:\Program Files\Eclipse Adoptium\jre-21.0.5.11-hotspot\bin\verify.dll
Event: 0.831 Loaded shared library C:\Users\Asad Ali\.gradle\native\1def1411415f61bf3af743bc5b6707747c0891f09f0c88961ee8f79bc544acac\windows-amd64\native-platform.dll
Event: 0.855 Loaded shared library C:\Users\Asad Ali\.gradle\native\0.2.7\x86_64-windows-gnu\gradle-fileevents.dll
Event: 2.065 Loaded shared library C:\Program Files\Eclipse Adoptium\jre-21.0.5.11-hotspot\bin\management.dll
Event: 2.073 Loaded shared library C:\Program Files\Eclipse Adoptium\jre-21.0.5.11-hotspot\bin\management_ext.dll
Event: 2.284 Loaded shared library C:\Program Files\Eclipse Adoptium\jre-21.0.5.11-hotspot\bin\extnet.dll
Event: 4.925 Loaded shared library C:\Program Files\Eclipse Adoptium\jre-21.0.5.11-hotspot\bin\sunmscapi.dll
Event: 60.407 Loaded shared library C:\Program Files\Eclipse Adoptium\jre-21.0.5.11-hotspot\bin\rmi.dll

Deoptimization events (20 events):
Event: 267.822 Thread 0x000002075ece9520 DEOPT PACKING pc=0x000002071f8044f4 sp=0x000000fdf26fb770
Event: 267.826 Thread 0x000002075ece9520 DEOPT UNPACKING pc=0x000002071e797da2 sp=0x000000fdf26fb610 mode 2
Event: 267.976 Thread 0x000002075dec5cb0 DEOPT PACKING pc=0x00000207175f6b72 sp=0x000000fdf06f7910
Event: 267.976 Thread 0x000002075dec5cb0 DEOPT UNPACKING pc=0x000002071e7988e2 sp=0x000000fdf06f6de0 mode 0
Event: 267.985 Thread 0x000002075dec5cb0 DEOPT PACKING pc=0x00000207175f6b72 sp=0x000000fdf06f7910
Event: 267.985 Thread 0x000002075dec5cb0 DEOPT UNPACKING pc=0x000002071e7988e2 sp=0x000000fdf06f6de0 mode 0
Event: 268.102 Thread 0x000002075dec5cb0 DEOPT PACKING pc=0x00000207174e0c81 sp=0x000000fdf06f75a0
Event: 268.102 Thread 0x000002075dec5cb0 DEOPT UNPACKING pc=0x000002071e7988e2 sp=0x000000fdf06f6a88 mode 0
Event: 268.135 Thread 0x000002075e712a30 Uncommon trap: trap_request=0xffffff45 fr.pc=0x000002071f0918b8 relative=0x00000000000001f8
Event: 268.135 Thread 0x000002075e712a30 Uncommon trap: reason=unstable_if action=reinterpret pc=0x000002071f0918b8 method=org.jetbrains.kotlin.protobuf.CodedInputStream.readRawVarint32()I @ 10 c2
Event: 268.135 Thread 0x000002075e712a30 DEOPT PACKING pc=0x000002071f0918b8 sp=0x000000fdf16fa4d0
Event: 268.135 Thread 0x000002075e712a30 DEOPT UNPACKING pc=0x000002071e797da2 sp=0x000000fdf16fa450 mode 2
Event: 268.136 Thread 0x000002075ece8800 Uncommon trap: trap_request=0xffffff45 fr.pc=0x000002071edb8d0c relative=0x00000000000000ac
Event: 268.136 Thread 0x000002075ece8800 Uncommon trap: reason=unstable_if action=reinterpret pc=0x000002071edb8d0c method=java.util.TimSort.mergeCollapse()V @ 92 c2
Event: 268.136 Thread 0x000002075ece8800 DEOPT PACKING pc=0x000002071edb8d0c sp=0x000000fdf23fb5c0
Event: 268.136 Thread 0x000002075ece8800 DEOPT UNPACKING pc=0x000002071e797da2 sp=0x000000fdf23fb558 mode 2
Event: 268.176 Thread 0x000002075e712a30 Uncommon trap: trap_request=0xffffffc6 fr.pc=0x000002071ed28fe0 relative=0x00000000000003e0
Event: 268.176 Thread 0x000002075e712a30 Uncommon trap: reason=bimorphic_or_optimized_type_check action=maybe_recompile pc=0x000002071ed28fe0 method=java.io.BufferedOutputStream.implWrite([BII)V @ 19 c2
Event: 268.176 Thread 0x000002075e712a30 DEOPT PACKING pc=0x000002071ed28fe0 sp=0x000000fdf16fb770
Event: 268.176 Thread 0x000002075e712a30 DEOPT UNPACKING pc=0x000002071e797da2 sp=0x000000fdf16fb708 mode 2

Classes loaded (20 events):
Event: 139.405 Loading class org/w3c/dom/Text
Event: 139.406 Loading class org/w3c/dom/Text done
Event: 139.406 Loading class com/sun/org/apache/xerces/internal/dom/CharacterDataImpl
Event: 139.406 Loading class com/sun/org/apache/xerces/internal/dom/CharacterDataImpl done
Event: 139.406 Loading class com/sun/org/apache/xerces/internal/dom/TextImpl done
Event: 139.406 Loading class com/sun/org/apache/xerces/internal/dom/DeferredTextImpl done
Event: 139.407 Loading class com/sun/org/apache/xerces/internal/dom/CharacterDataImpl$1
Event: 139.408 Loading class com/sun/org/apache/xerces/internal/dom/CharacterDataImpl$1 done
Event: 139.433 Loading class org/w3c/dom/Comment
Event: 139.434 Loading class org/w3c/dom/Comment done
Event: 141.079 Loading class com/sun/org/apache/xerces/internal/dom/DeferredCommentImpl
Event: 141.081 Loading class com/sun/org/apache/xerces/internal/dom/CommentImpl
Event: 141.081 Loading class com/sun/org/apache/xerces/internal/dom/CommentImpl done
Event: 141.081 Loading class com/sun/org/apache/xerces/internal/dom/DeferredCommentImpl done
Event: 193.366 Loading class java/net/InetAddress$CachedLocalHost
Event: 193.374 Loading class java/net/InetAddress$CachedLocalHost done
Event: 194.975 Loading class java/util/Collections$ReverseComparator
Event: 194.975 Loading class java/util/Collections$ReverseComparator done
Event: 194.975 Loading class java/util/Collections$ReverseComparator2
Event: 194.976 Loading class java/util/Collections$ReverseComparator2 done

Classes unloaded (20 events):
Event: 134.997 Thread 0x000002072b7899a0 Unloading class 0x000002072e5d8000 'java/lang/invoke/LambdaForm$MH+0x000002072e5d8000'
Event: 134.997 Thread 0x000002072b7899a0 Unloading class 0x000002072e5d1c00 'java/lang/invoke/LambdaForm$DMH+0x000002072e5d1c00'
Event: 134.997 Thread 0x000002072b7899a0 Unloading class 0x000002072e5d1800 'java/lang/invoke/LambdaForm$DMH+0x000002072e5d1800'
Event: 150.052 Thread 0x000002072b7899a0 Unloading class 0x000002072e808528 '_BuildScript_$_run_closure1'
Event: 150.052 Thread 0x000002072b7899a0 Unloading class 0x000002072e808000 '_BuildScript_'
Event: 150.052 Thread 0x000002072b7899a0 Unloading class 0x000002072e7c8400 'java/lang/invoke/LambdaForm$DMH+0x000002072e7c8400'
Event: 150.052 Thread 0x000002072b7899a0 Unloading class 0x000002072e764000 'java/lang/invoke/LambdaForm$DMH+0x000002072e764000'
Event: 150.053 Thread 0x000002072b7899a0 Unloading class 0x000002072e71fc00 'java/lang/invoke/LambdaForm$MH+0x000002072e71fc00'
Event: 150.053 Thread 0x000002072b7899a0 Unloading class 0x000002072e71f000 'java/lang/invoke/LambdaForm$MH+0x000002072e71f000'
Event: 150.053 Thread 0x000002072b7899a0 Unloading class 0x000002072e71e800 'java/lang/invoke/LambdaForm$MH+0x000002072e71e800'
Event: 150.053 Thread 0x000002072b7899a0 Unloading class 0x000002072e71e000 'java/lang/invoke/LambdaForm$MH+0x000002072e71e000'
Event: 150.053 Thread 0x000002072b7899a0 Unloading class 0x000002072e71d000 'java/lang/invoke/LambdaForm$MH+0x000002072e71d000'
Event: 150.053 Thread 0x000002072b7899a0 Unloading class 0x000002072e71cc00 'java/lang/invoke/LambdaForm$MH+0x000002072e71cc00'
Event: 150.053 Thread 0x000002072b7899a0 Unloading class 0x000002072e71c000 'java/lang/invoke/LambdaForm$MH+0x000002072e71c000'
Event: 150.053 Thread 0x000002072b7899a0 Unloading class 0x000002072e719c00 'jdk/internal/reflect/GeneratedSerializationConstructorAccessor183'
Event: 150.053 Thread 0x000002072b7899a0 Unloading class 0x000002072e718800 'jdk/internal/reflect/GeneratedSerializationConstructorAccessor179'
Event: 266.036 Thread 0x000002072b7899a0 Unloading class 0x000002072e965000 '_BuildScript_$_run_closure1$_closure3'
Event: 266.037 Thread 0x000002072b7899a0 Unloading class 0x000002072e964910 '_BuildScript_$_run_closure1$_closure2'
Event: 266.037 Thread 0x000002072b7899a0 Unloading class 0x000002072e964530 '_BuildScript_$_run_closure1'
Event: 266.037 Thread 0x000002072b7899a0 Unloading class 0x000002072e964000 '_BuildScript_'

Classes redefined (0 events):
No events

Internal exceptions (20 events):
Event: 248.560 Thread 0x000002075dec5cb0 Exception <a 'sun/nio/fs/WindowsException'{0x0000000090c762b0}> (0x0000000090c762b0) 
thrown [s\src\hotspot\share\prims\jni.cpp, line 520]
Event: 248.560 Thread 0x000002075dec5cb0 Exception <a 'sun/nio/fs/WindowsException'{0x0000000090c78b08}> (0x0000000090c78b08) 
thrown [s\src\hotspot\share\prims\jni.cpp, line 520]
Event: 248.596 Thread 0x000002075decb200 Exception <a 'sun/nio/fs/WindowsException'{0x0000000090cbd7c8}> (0x0000000090cbd7c8) 
thrown [s\src\hotspot\share\prims\jni.cpp, line 520]
Event: 248.627 Thread 0x000002075decc5b0 Exception <a 'sun/nio/fs/WindowsException'{0x0000000090b6ec60}> (0x0000000090b6ec60) 
thrown [s\src\hotspot\share\prims\jni.cpp, line 520]
Event: 248.627 Thread 0x000002075decab70 Exception <a 'sun/nio/fs/WindowsException'{0x0000000090b73c48}> (0x0000000090b73c48) 
thrown [s\src\hotspot\share\prims\jni.cpp, line 520]
Event: 248.628 Thread 0x000002075decc5b0 Exception <a 'sun/nio/fs/WindowsException'{0x0000000090b75a38}> (0x0000000090b75a38) 
thrown [s\src\hotspot\share\prims\jni.cpp, line 520]
Event: 248.628 Thread 0x000002075decab70 Exception <a 'sun/nio/fs/WindowsException'{0x0000000090b7a478}> (0x0000000090b7a478) 
thrown [s\src\hotspot\share\prims\jni.cpp, line 520]
Event: 248.629 Thread 0x000002075decab70 Exception <a 'sun/nio/fs/WindowsException'{0x0000000090b825f8}> (0x0000000090b825f8) 
thrown [s\src\hotspot\share\prims\jni.cpp, line 520]
Event: 248.629 Thread 0x000002075decc5b0 Exception <a 'sun/nio/fs/WindowsException'{0x0000000090b81080}> (0x0000000090b81080) 
thrown [s\src\hotspot\share\prims\jni.cpp, line 520]
Event: 249.224 Thread 0x000002075dec5cb0 Exception <a 'sun/nio/fs/WindowsException'{0x00000000ff676098}> (0x00000000ff676098) 
thrown [s\src\hotspot\share\prims\jni.cpp, line 520]
Event: 249.224 Thread 0x000002075dec5cb0 Exception <a 'sun/nio/fs/WindowsException'{0x00000000ff67a598}> (0x00000000ff67a598) 
thrown [s\src\hotspot\share\prims\jni.cpp, line 520]
Event: 249.225 Thread 0x000002075dec5cb0 Exception <a 'sun/nio/fs/WindowsException'{0x00000000ff683fe8}> (0x00000000ff683fe8) 
thrown [s\src\hotspot\share\prims\jni.cpp, line 520]
Event: 255.934 Thread 0x000002075dec5cb0 Exception <a 'java/lang/NoSuchMethodError'{0x00000000fda86028}: static Ljava/lang/Object;.<clinit>()V> (0x00000000fda86028) 
thrown [s\src\hotspot\share\prims\jni.cpp, line 1111]
Event: 262.240 Thread 0x000002075e718ca0 Implicit null exception at 0x000002071fa61d3d to 0x000002071fa6222c
Event: 264.153 Thread 0x000002075decab70 Exception <a 'sun/nio/fs/WindowsException'{0x00000000926893f0}> (0x00000000926893f0) 
thrown [s\src\hotspot\share\prims\jni.cpp, line 520]
Event: 264.156 Thread 0x000002075decab70 Exception <a 'sun/nio/fs/WindowsException'{0x000000009268bba0}> (0x000000009268bba0) 
thrown [s\src\hotspot\share\prims\jni.cpp, line 520]
Event: 264.157 Thread 0x000002075decab70 Exception <a 'sun/nio/fs/WindowsException'{0x000000009251a808}> (0x000000009251a808) 
thrown [s\src\hotspot\share\prims\jni.cpp, line 520]
Event: 264.157 Thread 0x000002075decab70 Exception <a 'sun/nio/fs/WindowsException'{0x000000009251ca20}> (0x000000009251ca20) 
thrown [s\src\hotspot\share\prims\jni.cpp, line 520]
Event: 264.198 Thread 0x000002075decab70 Exception <a 'sun/nio/fs/WindowsException'{0x00000000921c3950}> (0x00000000921c3950) 
thrown [s\src\hotspot\share\prims\jni.cpp, line 520]
Event: 264.282 Thread 0x000002075ece8800 Implicit null exception at 0x000002071f4272da to 0x000002071f42781c

ZGC Phase Switch (0 events):
No events

VM Operations (20 events):
Event: 261.879 Executing VM operation: HandshakeAllThreads (Deoptimize) done
Event: 262.878 Executing VM operation: Cleanup
Event: 262.880 Executing VM operation: Cleanup done
Event: 263.881 Executing VM operation: Cleanup
Event: 263.945 Executing VM operation: Cleanup done
Event: 264.049 Executing VM operation: HandshakeAllThreads (Deoptimize)
Event: 264.076 Executing VM operation: HandshakeAllThreads (Deoptimize) done
Event: 264.205 Executing VM operation: G1CollectForAllocation (G1 Evacuation Pause)
Event: 264.276 Executing VM operation: G1CollectForAllocation (G1 Evacuation Pause) done
Event: 264.579 Executing VM operation: G1TryInitiateConcMark (G1 Humongous Allocation)
Event: 264.621 Executing VM operation: G1TryInitiateConcMark (G1 Humongous Allocation) done
Event: 265.257 Executing VM operation: G1CollectForAllocation (G1 Evacuation Pause)
Event: 265.279 Executing VM operation: G1CollectForAllocation (G1 Evacuation Pause) done
Event: 266.035 Executing VM operation: G1PauseRemark
Event: 266.898 Executing VM operation: G1PauseRemark done
Event: 266.918 Executing VM operation: G1CollectForAllocation (G1 Evacuation Pause)
Event: 266.931 Executing VM operation: G1CollectForAllocation (G1 Evacuation Pause) done
Event: 267.715 Executing VM operation: G1CollectForAllocation (G1 Evacuation Pause)
Event: 267.752 Executing VM operation: G1CollectForAllocation (G1 Evacuation Pause) done
Event: 268.280 Executing VM operation: G1CollectForAllocation (G1 Evacuation Pause)

Memory protections (0 events):
No events

Nmethod flushes (20 events):
Event: 266.889 Thread 0x000002072b7899a0 flushing  nmethod 0x000002071a4d2010
Event: 266.889 Thread 0x000002072b7899a0 flushing  nmethod 0x000002071a4d2410
Event: 266.889 Thread 0x000002072b7899a0 flushing  nmethod 0x000002071a4d3610
Event: 266.889 Thread 0x000002072b7899a0 flushing  nmethod 0x000002071a4d3d10
Event: 266.889 Thread 0x000002072b7899a0 flushing  nmethod 0x000002071a4e4a90
Event: 266.889 Thread 0x000002072b7899a0 flushing  nmethod 0x000002071a4e5d10
Event: 266.889 Thread 0x000002072b7899a0 flushing  nmethod 0x000002071a4e6d90
Event: 266.890 Thread 0x000002072b7899a0 flushing  nmethod 0x000002071a4e8910
Event: 266.890 Thread 0x000002072b7899a0 flushing  nmethod 0x000002071a52ba90
Event: 266.890 Thread 0x000002072b7899a0 flushing  nmethod 0x000002071a52e710
Event: 266.890 Thread 0x000002072b7899a0 flushing  nmethod 0x000002071a561010
Event: 266.890 Thread 0x000002072b7899a0 flushing  nmethod 0x000002071a562e90
Event: 266.890 Thread 0x000002072b7899a0 flushing  nmethod 0x000002071a564890
Event: 266.890 Thread 0x000002072b7899a0 flushing  nmethod 0x000002071a566e10
Event: 266.890 Thread 0x000002072b7899a0 flushing  nmethod 0x000002071a628610
Event: 266.890 Thread 0x000002072b7899a0 flushing  nmethod 0x000002071a6d4910
Event: 266.890 Thread 0x000002072b7899a0 flushing  nmethod 0x000002071a6d4f90
Event: 266.890 Thread 0x000002072b7899a0 flushing  nmethod 0x000002071a6d8b90
Event: 266.890 Thread 0x000002072b7899a0 flushing  nmethod 0x000002071a6d9710
Event: 266.890 Thread 0x000002072b7899a0 flushing  nmethod 0x000002071a6dad10

Events (20 events):
Event: 203.414 Thread 0x000002075f28d5e0 Thread added: 0x000002075d71ce40
Event: 203.691 Thread 0x000002075dec6340 Thread added: 0x000002075d637120
Event: 203.714 Thread 0x000002075d71d4d0 Thread added: 0x000002075d63a5a0
Event: 203.737 Thread 0x000002075f28e300 Thread added: 0x000002075d6377b0
Event: 236.542 Thread 0x000002075dec1b10 Thread exited: 0x000002075dec1b10
Event: 238.618 Thread 0x000002075f28e300 Thread added: 0x000002075d6391f0
Event: 242.795 Thread 0x000002075f28e300 Thread added: 0x000002075d63b2c0
Event: 248.655 Thread 0x000002072b7bf950 Thread added: 0x0000020751967220
Event: 249.253 Thread 0x000002075d71c120 Thread exited: 0x000002075d71c120
Event: 249.254 Thread 0x000002075d63a5a0 Thread exited: 0x000002075d63a5a0
Event: 249.402 Thread 0x0000020751967220 Thread exited: 0x0000020751967220
Event: 251.068 Thread 0x000002075decc5b0 Thread added: 0x000002075d63b950
Event: 251.069 Thread 0x000002075decab70 Thread added: 0x000002075d63cd00
Event: 251.140 Thread 0x000002075d63b950 Thread added: 0x000002075d63a5a0
Event: 251.174 Thread 0x000002075f2924a0 Thread added: 0x000002075d63e740
Event: 251.185 Thread 0x000002075f28d5e0 Thread added: 0x000002075d63d390
Event: 251.219 Thread 0x000002075f28d5e0 Thread added: 0x000002075d63bfe0
Event: 261.438 Thread 0x000002075d63a5a0 Thread exited: 0x000002075d63a5a0
Event: 264.281 Thread 0x000002075d63e740 Thread exited: 0x000002075d63e740
Event: 265.279 Thread 0x000002072b7bf950 Thread added: 0x000002075e4beec0


Dynamic libraries:
0x00007ff77d320000 - 0x00007ff77d32e000 	C:\Program Files\Eclipse Adoptium\jre-21.0.5.11-hotspot\bin\java.exe
0x00007ff84e0e0000 - 0x00007ff84e347000 	C:\WINDOWS\SYSTEM32\ntdll.dll
0x00007ff84d3d0000 - 0x00007ff84d499000 	C:\WINDOWS\System32\KERNEL32.DLL
0x00007ff84b230000 - 0x00007ff84b61f000 	C:\WINDOWS\System32\KERNELBASE.dll
0x00007ff84b7b0000 - 0x00007ff84b8fb000 	C:\WINDOWS\System32\ucrtbase.dll
0x00007ff807760000 - 0x00007ff80777e000 	C:\Program Files\Eclipse Adoptium\jre-21.0.5.11-hotspot\bin\VCRUNTIME140.dll
0x00007ff8089e0000 - 0x00007ff8089f8000 	C:\Program Files\Eclipse Adoptium\jre-21.0.5.11-hotspot\bin\jli.dll
0x00007ff84ccb0000 - 0x00007ff84ce75000 	C:\WINDOWS\System32\USER32.dll
0x00007ff84b630000 - 0x00007ff84b657000 	C:\WINDOWS\System32\win32u.dll
0x00007ff82b3f0000 - 0x00007ff82b683000 	C:\WINDOWS\WinSxS\amd64_microsoft.windows.common-controls_6595b64144ccf1df_6.0.26100.7309_none_3e05feeae336a044\COMCTL32.dll
0x00007ff84cba0000 - 0x00007ff84cbcb000 	C:\WINDOWS\System32\GDI32.dll
0x00007ff84d160000 - 0x00007ff84d209000 	C:\WINDOWS\System32\msvcrt.dll
0x00007ff84bd50000 - 0x00007ff84be7c000 	C:\WINDOWS\System32\gdi32full.dll
0x00007ff84bca0000 - 0x00007ff84bd43000 	C:\WINDOWS\System32\msvcp_win.dll
0x00007ff84d120000 - 0x00007ff84d151000 	C:\WINDOWS\System32\IMM32.DLL
0x00007ff8227a0000 - 0x00007ff8227ac000 	C:\Program Files\Eclipse Adoptium\jre-21.0.5.11-hotspot\bin\vcruntime140_1.dll
0x00007fffc5e70000 - 0x00007fffc5efd000 	C:\Program Files\Eclipse Adoptium\jre-21.0.5.11-hotspot\bin\msvcp140.dll
0x00007fff80060000 - 0x00007fff80def000 	C:\Program Files\Eclipse Adoptium\jre-21.0.5.11-hotspot\bin\server\jvm.dll
0x00007ff84cbf0000 - 0x00007ff84cca4000 	C:\WINDOWS\System32\ADVAPI32.dll
0x00007ff84d070000 - 0x00007ff84d116000 	C:\WINDOWS\System32\sechost.dll
0x00007ff84ca80000 - 0x00007ff84cb98000 	C:\WINDOWS\System32\RPCRT4.dll
0x00007ff84d4a0000 - 0x00007ff84d514000 	C:\WINDOWS\System32\WS2_32.dll
0x00007ff842cd0000 - 0x00007ff842d05000 	C:\WINDOWS\SYSTEM32\WINMM.dll
0x00007ff84b090000 - 0x00007ff84b0ee000 	C:\WINDOWS\SYSTEM32\POWRPROF.dll
0x00007ff8393d0000 - 0x00007ff8393db000 	C:\WINDOWS\SYSTEM32\VERSION.dll
0x00007ff84b070000 - 0x00007ff84b084000 	C:\WINDOWS\SYSTEM32\UMPDC.dll
0x00007ff849f00000 - 0x00007ff849f1b000 	C:\WINDOWS\SYSTEM32\kernel.appcore.dll
0x00007ff807a00000 - 0x00007ff807a0a000 	C:\Program Files\Eclipse Adoptium\jre-21.0.5.11-hotspot\bin\jimage.dll
0x00007ff848820000 - 0x00007ff848a62000 	C:\WINDOWS\SYSTEM32\DBGHELP.DLL
0x00007ff84c660000 - 0x00007ff84c9e5000 	C:\WINDOWS\System32\combase.dll
0x00007ff84d630000 - 0x00007ff84d706000 	C:\WINDOWS\System32\OLEAUT32.dll
0x00007ff82a2c0000 - 0x00007ff82a2fc000 	C:\WINDOWS\SYSTEM32\dbgcore.DLL
0x00007ff84b900000 - 0x00007ff84b9a5000 	C:\WINDOWS\System32\bcryptPrimitives.dll
0x00007ff8077b0000 - 0x00007ff8077bf000 	C:\Program Files\Eclipse Adoptium\jre-21.0.5.11-hotspot\bin\instrument.dll
0x00007fffe2a50000 - 0x00007fffe2a6f000 	C:\Program Files\Eclipse Adoptium\jre-21.0.5.11-hotspot\bin\java.dll
0x00007ff84bf00000 - 0x00007ff84c653000 	C:\WINDOWS\System32\SHELL32.dll
0x00007ff84b9b0000 - 0x00007ff84bb1a000 	C:\WINDOWS\System32\wintypes.dll
0x00007ff848df0000 - 0x00007ff84964e000 	C:\WINDOWS\SYSTEM32\windows.storage.dll
0x00007ff84d520000 - 0x00007ff84d615000 	C:\WINDOWS\System32\SHCORE.dll
0x00007ff84dda0000 - 0x00007ff84de06000 	C:\WINDOWS\System32\shlwapi.dll
0x00007ff84b150000 - 0x00007ff84b179000 	C:\WINDOWS\SYSTEM32\profapi.dll
0x00007fffc03d0000 - 0x00007fffc04a7000 	C:\Program Files\Eclipse Adoptium\jre-21.0.5.11-hotspot\bin\jsvml.dll
0x00007fffe2a30000 - 0x00007fffe2a48000 	C:\Program Files\Eclipse Adoptium\jre-21.0.5.11-hotspot\bin\zip.dll
0x00007ff804de0000 - 0x00007ff804df0000 	C:\Program Files\Eclipse Adoptium\jre-21.0.5.11-hotspot\bin\net.dll
0x00007ff844ca0000 - 0x00007ff844dc8000 	C:\WINDOWS\SYSTEM32\WINHTTP.dll
0x00007ff84a4f0000 - 0x00007ff84a55b000 	C:\WINDOWS\system32\mswsock.dll
0x00007fffe19d0000 - 0x00007fffe19e6000 	C:\Program Files\Eclipse Adoptium\jre-21.0.5.11-hotspot\bin\nio.dll
0x00007ff800710000 - 0x00007ff800720000 	C:\Program Files\Eclipse Adoptium\jre-21.0.5.11-hotspot\bin\verify.dll
0x00007fffec2d0000 - 0x00007fffec2f7000 	C:\Users\Asad Ali\.gradle\native\1def1411415f61bf3af743bc5b6707747c0891f09f0c88961ee8f79bc544acac\windows-amd64\native-platform.dll
0x00007fffc1300000 - 0x00007fffc1378000 	C:\Users\Asad Ali\.gradle\native\0.2.7\x86_64-windows-gnu\gradle-fileevents.dll
0x00007fffe7210000 - 0x00007fffe721a000 	C:\Program Files\Eclipse Adoptium\jre-21.0.5.11-hotspot\bin\management.dll
0x00007fffe2bb0000 - 0x00007fffe2bbb000 	C:\Program Files\Eclipse Adoptium\jre-21.0.5.11-hotspot\bin\management_ext.dll
0x00007ff84d620000 - 0x00007ff84d628000 	C:\WINDOWS\System32\PSAPI.DLL
0x00007ff849a40000 - 0x00007ff849a74000 	C:\WINDOWS\SYSTEM32\IPHLPAPI.DLL
0x00007ff84cee0000 - 0x00007ff84ceea000 	C:\WINDOWS\System32\NSI.dll
0x00007fffe2660000 - 0x00007fffe2669000 	C:\Program Files\Eclipse Adoptium\jre-21.0.5.11-hotspot\bin\extnet.dll
0x00007ff84a8e0000 - 0x00007ff84a8fb000 	C:\WINDOWS\SYSTEM32\CRYPTSP.dll
0x00007ff849f20000 - 0x00007ff849f5a000 	C:\WINDOWS\system32\rsaenh.dll
0x00007ff84a5a0000 - 0x00007ff84a5cb000 	C:\WINDOWS\SYSTEM32\USERENV.dll
0x00007ff84b120000 - 0x00007ff84b14a000 	C:\WINDOWS\SYSTEM32\bcrypt.dll
0x00007ff84a740000 - 0x00007ff84a74c000 	C:\WINDOWS\SYSTEM32\CRYPTBASE.dll
0x00007fffe1950000 - 0x00007fffe195e000 	C:\Program Files\Eclipse Adoptium\jre-21.0.5.11-hotspot\bin\sunmscapi.dll
0x00007ff84bb20000 - 0x00007ff84bc97000 	C:\WINDOWS\System32\CRYPT32.dll
0x00007ff84aa30000 - 0x00007ff84aa60000 	C:\WINDOWS\SYSTEM32\ncrypt.dll
0x00007ff84a9e0000 - 0x00007ff84aa1f000 	C:\WINDOWS\SYSTEM32\NTASN1.dll
0x00007fffe4f90000 - 0x00007fffe4f98000 	C:\WINDOWS\system32\wshunix.dll
0x00007ff84a0c0000 - 0x00007ff84a0f6000 	C:\WINDOWS\SYSTEM32\ntmarta.dll
0x00007ff849b20000 - 0x00007ff849c4c000 	C:\WINDOWS\SYSTEM32\DNSAPI.dll
0x000000005bfc0000 - 0x000000005bfe6000 	C:\Program Files\Bonjour\mdnsNSP.dll
0x00007ff842a70000 - 0x00007ff842a7b000 	C:\Windows\System32\rasadhlp.dll
0x00007ff8456c0000 - 0x00007ff845746000 	C:\WINDOWS\System32\fwpuclnt.dll
0x00007ff847de0000 - 0x00007ff847e7f000 	C:\WINDOWS\system32\apphelp.dll
0x00007fffe2bc0000 - 0x00007fffe2bc7000 	C:\Program Files\Eclipse Adoptium\jre-21.0.5.11-hotspot\bin\rmi.dll
0x00007ff8314c0000 - 0x00007ff8314d8000 	C:\WINDOWS\system32\napinsp.dll
0x00007ff828250000 - 0x00007ff828262000 	C:\WINDOWS\System32\winrnr.dll
0x00007ff8013a0000 - 0x00007ff8013c2000 	C:\WINDOWS\system32\nlansp_c.dll
0x00007ff8151c0000 - 0x00007ff8151d6000 	C:\WINDOWS\system32\wshbth.dll

dbghelp: loaded successfully - version: 4.0.5 - missing functions: none
symbol engine: initialized successfully - sym options: 0x614 - pdb path: .;C:\Program Files\Eclipse Adoptium\jre-21.0.5.11-hotspot\bin;C:\WINDOWS\SYSTEM32;C:\WINDOWS\WinSxS\amd64_microsoft.windows.common-controls_6595b64144ccf1df_6.0.26100.7309_none_3e05feeae336a044;C:\Program Files\Eclipse Adoptium\jre-21.0.5.11-hotspot\bin\server;C:\Users\Asad Ali\.gradle\native\1def1411415f61bf3af743bc5b6707747c0891f09f0c88961ee8f79bc544acac\windows-amd64;C:\Users\Asad Ali\.gradle\native\0.2.7\x86_64-windows-gnu;C:\Program Files\Bonjour

VM Arguments:
jvm_args: --add-opens=java.base/java.lang=ALL-UNNAMED --add-opens=java.base/java.lang.invoke=ALL-UNNAMED --add-opens=java.base/java.util=ALL-UNNAMED --add-opens=java.prefs/java.util.prefs=ALL-UNNAMED --add-exports=jdk.compiler/com.sun.tools.javac.api=ALL-UNNAMED --add-exports=jdk.compiler/com.sun.tools.javac.util=ALL-UNNAMED --add-opens=java.base/java.util=ALL-UNNAMED --add-opens=java.prefs/java.util.prefs=ALL-UNNAMED --add-opens=java.base/java.nio.charset=ALL-UNNAMED --add-opens=java.base/java.net=ALL-UNNAMED --add-opens=java.base/java.util.concurrent.atomic=ALL-UNNAMED --add-opens=java.xml/javax.xml.namespace=ALL-UNNAMED -XX:MaxMetaspaceSize=512m -Xmx2048m -Dfile.encoding=UTF-8 -Duser.country=AE -Duser.language=en -Duser.variant -javaagent:C:\Users\Asad Ali\.gradle\wrapper\dists\gradle-8.14.3-bin\cv11ve7ro1n3o1j4so8xd9n66\gradle-8.14.3\lib\agents\gradle-instrumentation-agent-8.14.3.jar 
java_command: org.gradle.launcher.daemon.bootstrap.GradleDaemon 8.14.3
java_class_path (initial): C:\Users\Asad Ali\.gradle\wrapper\dists\gradle-8.14.3-bin\cv11ve7ro1n3o1j4so8xd9n66\gradle-8.14.3\lib\gradle-daemon-main-8.14.3.jar
Launcher Type: SUN_STANDARD

[Global flags]
     intx CICompilerCount                          = 4                                         {product} {ergonomic}
   size_t CompressedClassSpaceSize                 = 436207616                                 {product} {ergonomic}
     uint ConcGCThreads                            = 2                                         {product} {ergonomic}
     uint G1ConcRefinementThreads                  = 8                                         {product} {ergonomic}
   size_t G1HeapRegionSize                         = 1048576                                   {product} {ergonomic}
    uintx GCDrainStackTargetSize                   = 64                                        {product} {ergonomic}
   size_t InitialHeapSize                          = 130023424                                 {product} {ergonomic}
   size_t MarkStackSize                            = 4194304                                   {product} {ergonomic}
   size_t MaxHeapSize                              = 2147483648                                {product} {command line}
   size_t MaxMetaspaceSize                         = 536870912                                 {product} {command line}
   size_t MaxNewSize                               = 1287651328                                {product} {ergonomic}
   size_t MinHeapDeltaBytes                        = 1048576                                   {product} {ergonomic}
   size_t MinHeapSize                              = 8388608                                   {product} {ergonomic}
    uintx NonNMethodCodeHeapSize                   = 5839372                                {pd product} {ergonomic}
    uintx NonProfiledCodeHeapSize                  = 122909434                              {pd product} {ergonomic}
    uintx ProfiledCodeHeapSize                     = 122909434                              {pd product} {ergonomic}
    uintx ReservedCodeCacheSize                    = 251658240                              {pd product} {ergonomic}
     bool SegmentedCodeCache                       = true                                      {product} {ergonomic}
   size_t SoftMaxHeapSize                          = 2147483648                             {manageable} {ergonomic}
     bool UseCompressedOops                        = true                           {product lp64_product} {ergonomic}
     bool UseG1GC                                  = true                                      {product} {ergonomic}
     bool UseLargePagesIndividualAllocation        = false                                  {pd product} {ergonomic}

Logging:
Log output configuration:
 #0: stdout all=warning uptime,level,tags foldmultilines=false
 #1: stderr all=off uptime,level,tags foldmultilines=false

Environment Variables:
PATH=c:\Users\Asad Ali\AppData\Local\Programs\cursor\resources\app\bin;C:\Program Files (x86)\Microsoft\Edge\Application;C:\Program Files\Common Files\Oracle\Java\javapath;C:\Program Files (x86)\Common Files\Oracle\Java\java8path;C:\Program Files (x86)\Common Files\Oracle\Java\javapath;C:\Python312\Scripts\;C:\Python312\;C:\Program Files\Eclipse Adoptium\jre-21.0.5.11-hotspot\bin;C:\WINDOWS\system32;C:\WINDOWS;C:\WINDOWS\System32\Wbem;C:\WINDOWS\System32\WindowsPowerShell\v1.0\;C:\WINDOWS\System32\OpenSSH\;C:\Program Files\nodejs\;C:\ProgramData\chocolatey\bin;D:\flutter_windows_3.27.3-stable\flutter\bin;C:\Users\Asad Ali\AppData\Local\Programs\Python\Python313\Scripts\;C:\Users\Asad Ali\AppData\Local\Programs\Python\Python313\;C:\Users\Asad Ali\AppData\Local\Microsoft\WindowsApps;C:\Users\Asad Ali\AppData\Roaming\npm;C:\Users\Asad Ali\.cache\lm-studio\bin;C:\Users\Asad Ali\AppData\Local\Microsoft\WindowsApps;C:\Users\Asad Ali\AppData\Local\Programs\Ollama;c:\Users\Asad Ali\AppData\Local\Programs\cursor\resources;C:\Program Files\PostgreSQL\17\bin;C:\Program Files\Git\cmd;C:\Program Files\Docker\Docker\resources\bin;C:\Users\Asad Ali\AppData\Local\Programs\Python\Python313\Scripts\;C:\Users\Asad Ali\AppData\Local\Programs\Python\Python313\;C:\Users\Asad Ali\AppData\Local\Microsoft\WindowsApps;C:\Users\Asad Ali\AppData\Local\Programs\Microsoft VS Code\bin;C:\Users\Asad Ali\AppData\Roaming\npm;C:\Users\Asad Ali\.cache\lm-studio\bin;C:\Users\Asad Ali\AppData\Local\Microsoft\WindowsApps;;C:\Users\Asad Ali\AppData\Local\Programs\Ollama;C:\Users\Asad Ali\AppData\Local\Programs\cursor\resources\app\bin;C:\Users\Asad Ali\AppData\Local\PowerToys\DSCModules\;C:\Users\Asad Ali\AppData\Local\Programs\Antigravity\bin
USERNAME=Asad Ali
OS=Windows_NT
PROCESSOR_IDENTIFIER=Intel64 Family 6 Model 140 Stepping 1, GenuineIntel
TMP=C:\Users\Asad Ali\AppData\Local\Temp
TEMP=C:\Users\Asad Ali\AppData\Local\Temp




Periodic native trim disabled

---------------  S Y S T E M  ---------------

OS:
 Windows 11 , 64 bit Build 26100 (10.0.26100.7309)
OS uptime: 11 days 8:26 hours
Hyper-V role detected

CPU: total 8 (initial active 8) (4 cores per cpu, 2 threads per core) family 6 model 140 stepping 1 microcode 0xb4, cx8, cmov, fxsr, ht, mmx, 3dnowpref, sse, sse2, sse3, ssse3, sse4.1, sse4.2, popcnt, lzcnt, tsc, tscinvbit, avx, avx2, aes, erms, clmul, bmi1, bmi2, adx, avx512f, avx512dq, avx512cd, avx512bw, avx512vl, sha, fma, vzeroupper, avx512_vpopcntdq, avx512_vpclmulqdq, avx512_vaes, avx512_vnni, clflush, clflushopt, clwb, avx512_vbmi2, avx512_vbmi, hv, rdtscp, rdpid, fsrm, gfni, avx512_bitalg, f16c, cet_ibt, cet_ss, avx512_ifma
Processor Information for processor 0
  Max Mhz: 2701, Current Mhz: 2701, Mhz Limit: 2701
Processor Information for processor 1
  Max Mhz: 2701, Current Mhz: 1200, Mhz Limit: 2701
Processor Information for processor 2
  Max Mhz: 2701, Current Mhz: 2701, Mhz Limit: 2701
Processor Information for processor 3
  Max Mhz: 2701, Current Mhz: 1200, Mhz Limit: 2701
Processor Information for processor 4
  Max Mhz: 2701, Current Mhz: 2701, Mhz Limit: 2701
Processor Information for processor 5
  Max Mhz: 2701, Current Mhz: 2701, Mhz Limit: 2701
Processor Information for processor 6
  Max Mhz: 2701, Current Mhz: 2701, Mhz Limit: 2701
Processor Information for processor 7
  Max Mhz: 2701, Current Mhz: 2701, Mhz Limit: 2701

Memory: 4k page, system-wide physical 7834M (211M free)
TotalPageFile size 31386M (AvailPageFile size 296M)
current process WorkingSet (physical memory assigned to process): 513M, peak: 826M
current process commit charge ("private bytes"): 1047M, peak: 1477M

vm_info: OpenJDK 64-Bit Server VM (21.0.5+11-LTS) for windows-amd64 JRE (21.0.5+11-LTS), built on 2024-10-15T00:00:00Z by "admin" with MS VC++ 17.7 (VS2022)

END.
